Y,A,limit_bal,sex,education,age,pay_0,pay_2,pay_3,pay_4,pay_5,pay_6,bill_amt2,bill_amt3,bill_amt4,bill_amt5,bill_amt6,pay_amt1,pay_amt2,pay_amt3,pay_amt4,pay_amt5,pay_amt6
1,0,200000,0,1,31,-2,-2,-2,-2,-2,-2,14845,1097,0,0,160,17507,1102,0,0,160,1103
1,0,280000,1,2,33,-2,-2,-2,-2,-2,-2,2650,3294,3640,2720,7598,2650,3294,3640,2720,7598,4434
1,0,300000,0,2,66,1,-1,2,-1,0,0,200,200,22935,16858,0,200,0,22935,0,0,0
0,0,320000,1,1,34,-2,-2,-2,-2,-2,-2,-3,988,6420,7174,-19,0,991,6452,9757,0,3995
0,0,150000,0,1,30,-1,-1,-1,-1,-1,0,3534,6484,12287,21888,19960,3537,6484,12306,21888,0,134
1,1,200000,1,1,36,1,-2,-2,-2,-1,-1,0,0,0,3774,0,0,0,0,3774,0,686
0,1,40000,0,1,48,0,0,0,0,0,0,34449,33634,34586,34762,35673,1600,1600,1500,1500,1500,1500
0,0,160000,0,2,45,1,-2,-2,-2,-2,-1,0,0,0,0,388,0,0,0,0,388,3099
0,1,360000,0,1,29,0,0,0,0,0,0,96639,82386,50887,52249,35311,90044,10090,50006,20000,5000,20000
0,0,30000,0,2,33,0,0,-1,0,0,0,157,30321,29225,29575,28850,172,33635,1368,1108,958,1353
1,1,340000,0,2,52,0,0,0,0,0,0,319742,255166,197695,201907,195961,12100,10000,7000,7000,7000,8000
1,0,50000,0,1,29,1,-2,-2,-2,-2,-1,0,0,0,0,429,0,0,0,0,429,250
0,0,390000,0,2,49,0,0,0,0,-1,-1,5731,3386,3134,259,578,1066,1000,63,259,578,1141
0,0,500000,0,2,64,1,-1,-1,-1,-1,-1,1086,731,561,618,991,1086,731,561,618,991,933
1,1,250000,0,1,30,0,0,0,0,-1,-1,23932,37329,26339,4836,9655,3500,15054,7885,4836,9655,5000
0,0,200000,0,1,29,0,0,0,0,0,0,185506,190977,193800,190936,186183,6000,7000,6000,6000,5400,5400
1,1,70000,1,1,30,0,0,0,2,0,0,55664,59529,57571,57871,60872,55000,5800,0,2250,4500,0
0,0,310000,0,1,41,-1,0,0,0,0,0,126866,129449,106382,98892,92599,100000,16036,5000,3000,3000,3000
0,0,340000,0,1,36,0,0,0,0,0,0,326074,276519,251815,218706,165666,160444,10143,7190,6283,5208,4177
0,0,480000,0,1,33,0,0,0,0,0,0,62137,79556,97836,96299,88757,30000,30276,30000,30000,15000,15000
0,0,450000,1,1,41,-1,-1,-1,-2,-1,-1,500,0,0,461,-3,505,0,0,461,3,0
0,0,110000,1,2,47,2,2,2,2,2,2,56532,57502,58460,59876,58761,5000,2500,2500,2500,0,5000
1,1,20000,0,1,30,1,2,2,-1,0,-1,7221,0,3041,3041,1326,1712,0,3041,0,1326,0
1,0,30000,0,2,42,2,0,0,0,0,0,6310,8693,11541,13344,15118,1117,2500,3000,2000,2000,553
0,0,50000,1,2,51,0,0,0,0,0,0,39492,39394,33490,27316,0,1681,1583,1347,1183,0,0
1,0,220000,1,1,33,-2,-1,-1,-2,-2,-2,2500,0,0,0,0,2500,0,0,0,0,0
0,0,110000,0,1,30,-1,-1,-1,-1,-2,-2,2001,3796,0,0,0,2007,3796,0,0,0,0
1,1,300000,0,1,51,-1,-1,-1,-1,-2,-2,830,225,0,0,0,832,225,0,0,0,0
0,0,220000,0,2,29,0,0,2,0,0,0,45765,41308,39770,31840,33173,6000,2,3006,2000,2000,1500
0,0,220000,0,1,34,-1,-1,-1,-1,0,0,5152,6615,15799,13526,8726,5162,6615,15799,1526,0,2287
1,1,360000,1,1,37,0,0,0,0,0,0,71287,73406,74397,75467,79841,4000,3009,3509,3500,5000,5019
0,1,350000,0,2,32,-1,-1,-1,-1,-1,0,42541,10723,1310,7796,5225,42541,10723,1310,7796,0,0
0,1,250000,0,1,42,0,0,-2,-2,-2,-2,0,0,0,0,0,0,0,0,0,0,0
1,1,50000,0,2,34,-2,-1,0,0,0,0,50655,50710,50503,40140,-21364,50702,2033,1776,2000,29000,59901
0,1,30000,1,2,39,2,2,2,2,2,0,16652,16087,17317,16900,17465,3000,0,1500,0,1000,3500
0,0,130000,0,2,29,0,0,0,0,0,0,133658,132026,122804,121663,122032,7000,5306,5000,5000,6000,10000
1,0,240000,0,2,46,0,0,0,0,-2,-2,240715,246000,-150,-150,-150,11250,10950,0,0,0,672
0,0,180000,0,1,43,0,0,0,0,0,0,144637,137261,135904,127905,129465,6000,6382,5000,4649,5084,4564
0,0,220000,1,2,35,0,0,-1,-1,-1,-1,29300,8500,0,8500,8535,8500,8500,0,8500,8535,177000
0,1,230000,1,2,35,0,0,0,0,0,-1,180639,180117,179717,124117,182717,10000,5000,0,5000,189600,10000
0,0,290000,0,1,38,-1,-1,-1,-1,-1,-1,14708,7209,14912,45473,15095,14718,7420,15118,45473,15095,8908
1,1,160000,0,2,51,-1,-1,-1,-1,-1,-1,5932,4353,3746,5487,2702,5932,4353,3835,6934,3370,2276
0,1,100000,1,1,32,0,0,0,0,0,0,84071,82880,80958,78703,75589,3023,3511,3302,3204,3200,2504
0,0,10000,1,2,46,0,0,0,0,0,0,9844,9319,18202,9287,0,1143,1218,1000,372,0,0
1,1,290000,0,2,45,0,0,0,0,0,0,36085,35225,35711,35381,34468,1564,1594,1840,1378,1245,1388
0,0,90000,0,2,44,2,2,-1,-1,-1,-1,827,827,2040,1279,1292,0,827,2040,1279,1292,1378
0,0,120000,0,2,45,-1,-1,-1,-1,-1,-1,3175,380,380,2402,696,3175,380,380,2402,696,1093
0,0,500000,1,1,30,0,0,0,0,0,0,437749,460317,472621,484993,496915,30000,30000,20000,20000,20000,70152
1,1,50000,1,2,33,0,0,0,0,0,0,28202,30610,30227,18413,17195,5494,3202,3502,3200,2500,3000
1,0,500000,0,1,46,-2,-1,-1,-1,-1,-1,163500,60560,104734,41018,6258,163500,70160,104734,41018,6258,70356
0,1,200000,1,1,30,2,4,4,4,4,4,176605,179754,182763,184570,184091,7310,7459,7468,6275,3000,0
0,0,20000,1,1,34,0,0,0,-2,-2,-2,2700,0,0,0,0,1000,0,0,0,0,0
0,0,20000,1,2,34,0,0,0,0,0,-1,15170,15277,13478,16978,12914,2000,2000,1000,5000,12914,600
0,1,340000,0,2,45,-2,-2,-2,-2,-2,-2,15865,1946,546,546,590,15886,1946,546,546,590,550
0,0,80000,1,1,32,-1,-1,-2,-2,-2,-2,0,0,0,0,0,0,0,0,0,0,0
0,0,210000,0,2,29,-1,0,0,0,0,0,104103,70449,66311,26802,25029,3831,3357,2098,610,763,1131
1,1,450000,0,1,49,1,-1,-1,-1,-1,0,557,0,2481,13716,19584,557,0,2481,13716,7100,812
1,1,80000,0,2,30,-1,-1,-1,-2,-1,-1,390,0,0,19688,5800,390,0,0,19688,5800,0
1,0,220000,0,1,56,1,-2,-2,-2,-1,-1,0,0,0,5889,300,0,0,0,5889,300,165
0,1,30000,0,2,46,2,2,2,2,2,-1,32875,29088,26788,17014,3000,2000,4,2916,106,3000,0
1,1,60000,1,2,30,1,2,2,2,2,0,44832,47830,48458,47176,47461,0,4000,2000,0,2000,1700
0,1,290000,1,2,30,0,0,0,-2,-2,-1,13226,652,0,652,92775,3000,978,0,652,92775,4000
0,0,500000,0,1,36,-1,-1,-1,0,0,0,8051,77908,50297,43679,49749,8091,78192,65,33766,37945,37947
0,1,170000,0,1,39,1,2,0,0,0,2,145908,119161,120662,127815,125098,0,6000,5000,9000,0,6000
0,0,200000,1,1,40,-1,-1,-1,-2,-1,-1,454,0,0,990,0,454,0,0,990,0,0
0,1,280000,0,1,29,-1,-1,-1,-1,-1,-1,1461,53603,976,20825,1159,1469,53871,981,20929,1164,0
0,1,80000,0,2,32,-1,-1,-2,-2,-2,-2,0,0,0,0,0,0,0,0,0,0,0
0,0,90000,0,2,36,0,0,0,0,0,0,88544,88888,48534,49874,32078,5000,3500,2000,2100,1000,1000
0,1,210000,0,1,38,0,0,0,0,0,0,14565,13173,13258,8155,2838,5000,3397,3000,2000,2300,5230
0,0,120000,0,2,29,0,0,0,0,0,0,83847,85558,86491,88136,89886,4000,4000,3250,3195,3210,4200
0,1,160000,0,1,32,1,-2,-2,-2,-2,-2,0,0,0,0,0,0,0,0,0,0,0
1,0,200000,1,1,29,-1,-1,-1,-1,-1,-1,3300,38526,-93,18681,12399,3318,42497,0,18774,12461,9526
1,1,160000,0,2,51,0,0,0,2,0,0,69908,78087,75255,78593,59816,4000,10000,0,5000,3000,3000
0,1,50000,0,2,48,-1,0,0,0,0,0,30348,24446,25535,26109,26689,4000,1800,1500,1000,1000,1500
1,1,320000,0,1,32,0,0,0,-1,-1,-1,20219,18087,5639,-41,5613,8015,1140,5639,0,5654,0
0,0,160000,0,2,29,0,0,0,-1,-1,0,23075,24010,400,16903,17248,5004,8004,400,16903,345,352
0,0,140000,1,1,32,0,0,0,0,2,0,50890,59395,73225,56999,61050,5890,9395,15000,0,5000,7086
1,0,110000,0,2,48,0,0,0,0,0,0,111162,107172,107629,106628,106903,4322,5369,4003,3806,4050,3672
0,0,80000,1,2,29,0,0,0,0,0,0,12287,12407,14360,14657,4129,1284,1047,2000,359,175,1000
0,0,50000,1,2,34,0,0,0,0,0,0,49580,47557,20914,19646,20332,3000,3006,1500,701,1000,1000
0,1,50000,1,1,47,0,0,2,2,2,2,47974,49837,50807,49947,50424,3000,3000,2000,0,5000,0
1,1,280000,0,2,29,-2,-2,-2,-2,-2,-1,0,0,0,0,5017,0,0,0,0,5017,101
1,0,210000,0,2,37,-1,-1,-1,0,0,0,326,978,652,326,0,326,978,0,0,0,652
1,1,380000,1,1,37,-1,-1,-1,-1,-1,-1,4162,2107,0,1630,0,4472,2107,0,1630,0,0
0,1,80000,0,2,40,0,0,0,0,0,0,75873,68602,54617,55987,53895,3300,3300,2000,2200,2100,1900
1,0,240000,0,1,30,1,-2,-2,-2,-2,-2,0,0,0,0,0,0,0,0,0,0,0
0,0,10000,1,2,29,0,0,0,0,0,0,9036,7385,7665,7817,7981,1120,1117,1127,279,289,369
0,0,170000,0,1,30,0,-1,-1,-1,0,0,8404,16835,2200,7510,12510,8404,16835,2200,5510,5000,8100
0,0,430000,1,1,34,0,0,0,0,0,0,424740,434836,378571,228568,232668,16005,18016,16005,9005,9013,8010
1,0,30000,1,1,34,1,2,2,2,2,0,27809,21658,22794,22289,22916,1700,0,1800,0,1000,1000
0,1,90000,0,2,33,0,0,0,0,0,-2,8545,8961,11676,1189,0,5000,1285,3000,1189,0,8832
0,1,390000,0,2,31,0,0,0,0,0,-2,33900,33545,16666,0,0,1700,17000,333,0,16666,13807
1,1,360000,1,1,29,-1,2,-1,-1,-1,-1,1950,2618,2868,425,29879,141,2618,2868,425,29879,18780
0,0,90000,0,2,35,0,0,0,0,0,0,81491,81003,68764,67957,69313,3666,3914,2774,2620,2640,3000
0,1,210000,1,2,47,-2,-2,-2,-2,-2,-2,-163,-163,-65167,-168,2999,0,0,5530,84332,21500,30000
0,0,100000,0,1,29,0,0,0,0,0,0,64898,62715,61465,55501,57892,4000,5030,10000,5000,10000,10000
1,0,180000,1,2,34,-1,-1,-1,-1,-1,-1,2790,1140,2144,1180,1382,2790,1140,2144,1180,1382,2440
0,1,240000,0,2,38,0,0,0,0,0,0,229519,229676,234928,160765,158184,7888,8522,9260,5700,5475,5520
1,1,360000,0,2,30,0,0,-2,-2,-2,-2,-182,-6877,-5377,-2377,-377,500,0,2000,3000,2000,3000
1,1,50000,1,2,30,0,0,0,0,0,0,45235,23299,22672,21440,19304,2014,1600,1400,429,386,57
1,1,320000,0,1,41,-2,-2,-2,-2,-2,-2,1376,3342,11970,9700,38473,1376,3343,11973,9700,38473,29757
1,0,130000,1,2,33,1,-1,0,-1,0,0,870,390,11,1011,381,870,300,11,1000,300,500
1,0,280000,1,1,42,1,-2,-2,-2,-2,-2,0,0,0,0,0,0,0,0,0,0,0
0,0,10000,0,1,56,1,2,2,2,0,0,6367,9839,6998,3183,1151,1000,4000,0,0,0,0
0,0,260000,0,2,41,0,0,0,0,0,0,253302,254767,190432,105466,2312,9725,10617,8555,4722,2146,199485
0,1,210000,0,1,46,0,0,0,0,0,0,52174,48957,49848,59060,60420,3111,2109,2000,10000,6032,5030
0,0,320000,0,1,41,-2,-2,-2,-2,-2,-2,1376,3342,11970,9700,38473,1376,3343,11973,9700,38473,29757
0,0,480000,0,1,30,0,0,-1,0,0,-1,-105,37649,45469,20020,3167,105,37754,32970,8000,3167,10981
1,0,260000,1,1,36,-2,-2,-2,-2,-2,-2,0,0,0,8867,763,0,0,0,8867,763,748
1,1,20000,1,2,45,0,0,0,0,0,0,19868,16749,17538,13840,7370,1896,1417,1206,284,147,4937
1,1,50000,0,2,43,0,0,0,0,0,0,43729,27008,28324,8044,8414,1500,1500,1800,500,500,500
0,0,140000,1,2,38,2,2,2,2,2,2,55007,56128,56713,55796,56251,2700,2600,2100,600,1500,4545
0,0,70000,0,2,30,0,0,0,0,0,0,71916,71442,68144,68671,68863,3377,3504,2620,2791,2639,2859
1,0,210000,0,1,33,1,-2,-2,-2,-2,-2,0,0,0,0,0,0,0,0,0,0,0
1,1,50000,0,2,30,0,0,0,2,0,-1,30036,6845,4364,2185,2162,2280,2300,0,44,2200,3000
0,1,450000,0,1,35,-1,-1,-1,-1,-1,-1,812,17563,12483,26081,22985,816,17651,12554,26212,23114,2512
0,1,150000,0,1,36,0,0,0,0,0,0,39292,40357,41284,42105,43146,1635,1700,1600,1507,1719,2000
1,1,300000,0,1,47,-1,-1,-1,-1,-1,-1,2392,148,148,148,0,2392,148,148,148,0,747
0,0,50000,0,2,46,0,0,0,0,0,0,44899,46346,47273,48357,50393,2100,2500,2000,2000,3000,1600
0,1,90000,0,1,29,2,2,2,2,2,2,41826,45136,46098,45059,79127,0,4000,2000,0,35000,3000
0,0,100000,0,1,49,1,2,0,0,0,2,97590,99560,95952,98744,97896,0,4700,4400,6000,2000,4000
0,0,280000,1,1,31,-1,-1,2,-1,0,-1,9075,4641,9976,17976,9477,9075,0,9976,8000,9525,781
0,1,240000,1,2,38,0,0,0,0,0,0,143966,155632,162379,156655,157536,20030,20000,10070,10037,13137,10052
1,1,140000,1,2,29,-1,-1,-1,-1,-2,-2,487,2010,0,0,0,487,2010,0,0,0,299
0,0,90000,0,2,46,-1,-1,-1,-1,-1,-1,2793,696,546,846,846,2793,696,546,996,846,696
0,1,210000,0,2,33,-1,-1,-1,-2,-1,-1,1090,0,0,580,500,1120,0,0,580,500,0
0,1,140000,0,2,33,0,0,0,0,0,0,132777,131672,133496,128509,124035,5005,4603,5002,4505,4400,4300
0,1,50000,0,2,42,0,0,0,0,0,0,10946,11968,12978,13236,13664,1184,1206,1216,474,642,492
0,1,300000,0,1,59,-1,-1,2,2,2,2,2500,2500,2500,2500,2500,0,0,0,0,0,0
0,0,240000,1,1,34,1,2,-1,-1,0,0,38008,9497,9124,7128,2745,14,9497,9124,2000,1200,1000
0,1,160000,0,2,30,0,0,-2,-2,-2,-2,0,0,0,0,0,0,0,0,0,0,0
1,1,340000,0,2,40,-2,-2,-2,-2,-2,-2,0,0,0,0,0,0,0,0,0,0,0
0,0,20000,0,2,52,0,0,0,0,0,0,15616,16628,16958,17314,17664,1265,1277,607,629,638,641
1,0,20000,0,2,43,0,0,0,0,0,0,20749,19930,15961,20107,19275,1415,1400,421,6000,3000,13000
1,1,50000,1,1,38,0,0,0,0,0,0,27619,20997,21018,20556,20302,1655,1323,734,1058,406,0
1,1,140000,0,1,66,1,-2,-2,-2,-1,2,0,0,0,825,675,0,0,0,825,0,23715
0,1,200000,0,2,48,0,0,0,0,0,0,59223,50290,49771,92192,90772,1866,1762,1827,53248,3293,3314
0,0,230000,0,1,33,0,0,0,0,0,0,226778,184466,157857,131706,62237,10075,10135,6034,10000,3000,5000
0,0,80000,0,2,29,0,0,0,0,0,0,79555,77025,76991,79066,75356,3161,4000,3000,3500,3100,5700
1,1,120000,1,2,38,-2,-2,-2,-2,-2,-2,3495,1706,-4,-4,-4,3505,1711,0,0,0,0
0,0,160000,0,1,39,-2,-2,-2,-2,-2,-2,666,403,1650,336,790,666,403,1650,336,790,1141
0,0,420000,0,2,29,0,0,0,0,0,-2,418589,426336,84732,64614,3068,18000,18691,5027,3000,3068,175056
1,1,430000,0,1,38,1,-1,-1,-2,-2,-1,215,-101,-1217,-2333,2351,1000,0,0,0,5000,12000
0,0,110000,0,2,42,0,0,0,0,0,0,107517,103609,79421,78286,65875,3951,4276,2666,2811,2500,465
1,1,50000,1,2,37,0,0,0,0,0,0,50174,43647,19305,20025,18584,2000,2000,1000,1000,1000,1000
1,1,210000,1,2,42,-1,-1,-1,-1,-1,-1,5260,3298,2972,975,3441,5260,3298,2972,975,3441,1666
1,0,90000,1,2,45,-1,3,2,2,-1,-1,3449,1776,-1170,390,390,0,0,0,1560,390,930
1,1,60000,0,1,31,-1,-1,-1,0,0,-1,11093,699,699,0,1000,11160,699,0,0,1430,850
1,1,360000,1,1,43,0,-1,-1,-1,0,0,13532,840,68110,55905,42239,13952,864,124037,1679,1163,1126
1,1,150000,0,1,38,-2,-2,-2,-2,-2,-2,0,0,0,0,0,0,0,0,0,0,0
1,1,50000,1,2,39,0,0,0,0,0,0,22999,17485,10588,8368,940,1708,1454,289,1508,1042,0
1,0,180000,1,1,45,1,-2,-2,-2,-2,-2,0,0,0,0,0,0,0,0,0,0,0
1,1,290000,1,1,29,1,-2,-2,-2,-2,-2,0,0,0,0,0,0,0,0,0,0,0
0,1,250000,1,1,40,0,-1,-1,-1,-1,2,4696,5579,8537,2500,2500,4730,5607,8634,2500,0,0
0,0,380000,1,1,46,2,2,2,2,2,2,90418,88327,92492,94617,96579,4400,0,6300,3500,3400,0
0,0,140000,1,2,34,0,0,0,0,0,0,72069,74140,76421,82223,84296,3100,3140,3421,7000,3296,3283
1,1,130000,0,2,30,0,0,0,0,0,0,40320,41324,25629,26961,28360,2000,1700,2000,2000,1500,2000
0,0,420000,0,1,34,0,0,0,0,-1,-1,17791,11796,3089,4624,210,6000,1600,1000,4641,210,3523
0,0,250000,0,1,31,-1,-1,-1,-1,-1,-2,-72,7304,95,0,0,0,7376,0,0,0,0
0,0,50000,1,2,33,0,0,0,0,0,0,24058,25042,21947,19198,19610,1445,1429,1294,1000,705,699
1,1,340000,0,2,57,-1,-1,-1,-1,-1,-1,8942,10301,20793,14817,4614,8942,10321,20793,14817,4614,7005
1,1,360000,0,2,39,-2,-2,-2,-2,-2,-2,0,0,0,0,0,0,0,0,0,0,0
0,1,60000,0,2,31,-1,-1,-1,-1,-1,-1,11409,-61506,3859,415,415,144047,365,73000,415,415,50136
0,0,160000,0,2,37,-1,-1,-1,0,0,0,5123,2460,6460,5360,0,5123,2460,4000,107,0,3960
0,1,50000,1,2,56,0,0,0,-1,0,0,37934,16816,602,712,822,2966,1000,602,500,500,500
1,1,490000,0,2,42,-1,-1,-1,0,-1,-1,11356,25409,15926,8604,8941,11404,25458,86,8711,5034,1345
0,1,50000,0,2,54,0,0,0,0,0,0,46975,47500,47921,17125,16686,2000,2045,1466,600,604,608
0,0,60000,0,2,32,1,2,0,0,0,0,57946,59534,60615,30592,28656,0,3120,3050,1136,1200,1206
0,1,320000,1,1,48,2,2,2,2,2,2,201932,215392,218370,220977,225021,0,18300,8000,7700,7700,0
1,1,200000,1,2,54,0,0,0,0,-2,-2,40921,17702,-2540,-6491,-7741,2138,5101,19,6,11,1
1,1,360000,0,1,39,-1,-1,-2,-2,-1,-1,0,0,0,906,0,0,0,0,906,0,4341
0,0,260000,0,1,33,-1,-1,-1,-1,-1,6,460,0,3600,2250,1650,460,0,3600,2250,0,0
1,1,490000,0,1,36,-2,-2,-2,-2,-2,-2,9444,3180,7715,6507,3424,9480,3182,7779,6517,3434,5132
1,0,270000,0,1,31,0,0,-2,-1,-1,0,0,0,2786,4686,3184,0,0,2786,4686,0,0
0,0,210000,0,1,44,0,0,0,0,0,0,113349,113725,113779,114594,103205,5000,6000,5000,4000,4000,3500
0,1,480000,0,1,39,0,0,0,-1,0,0,106660,400000,66270,80274,82160,10620,302000,66270,15000,3044,30042
1,1,100000,0,1,29,-1,-1,-1,0,0,0,3224,78671,60430,60647,61153,3224,78671,3000,2500,3000,3000
1,1,200000,1,2,45,1,-1,0,0,0,0,34137,33749,28355,29465,30885,34144,1492,1402,2002,2007,6163
0,1,180000,0,1,31,-1,-1,-1,-2,-2,-2,5921,0,0,0,0,5921,0,0,0,0,0
0,1,340000,0,2,30,0,0,0,0,-1,0,254863,24810,27502,3490,99514,13000,2000,5000,3490,99000,5000
0,1,350000,0,1,33,-2,-2,-2,-2,-2,-2,693,693,1144,-4618,-8026,693,0,1144,4279,0,0
1,0,270000,0,2,42,1,-2,-2,-2,-2,-2,-330,-330,-330,-330,-330,0,0,0,0,0,0
0,0,500000,0,1,38,0,0,0,0,0,0,74399,68761,70260,70143,68506,4010,6720,5000,5000,4000,5000
0,1,290000,0,2,35,0,0,0,2,0,0,267453,278924,235368,232117,230763,11019,20326,44,10035,10034,10062
0,0,200000,0,1,31,1,-2,-2,-1,-1,-1,4195,0,2907,2400,945,4210,0,2907,2400,945,0
0,0,140000,0,2,34,0,0,0,0,0,0,17780,18226,19915,20891,21542,2500,1500,2000,1300,1000,1500
1,1,130000,0,1,30,-1,-1,-1,-1,-1,-1,2437,2448,5457,3855,4684,2437,2774,5457,3855,4684,843
1,0,50000,1,2,48,0,0,0,0,0,0,45637,46815,16927,17263,17628,1992,2170,1282,618,643,1000
0,0,240000,1,1,33,0,0,0,0,0,0,63733,61710,50106,18874,18994,2500,3354,1800,1000,1200,2000
1,1,350000,1,1,70,0,0,0,0,0,0,100895,70244,64839,57583,45554,4000,3371,2089,3008,1300,1500
1,0,220000,0,1,36,-1,-1,-1,-1,-1,-2,1734,819,3750,657,0,1734,827,3750,0,0,0
1,0,200000,0,1,32,1,-1,-1,-1,-2,-2,2300,15093,0,0,0,2300,15093,0,0,0,0
0,0,380000,1,1,29,0,-1,-1,-1,-1,-1,30689,19947,22529,3885,23616,30690,10007,24012,3906,24018,13024
1,1,230000,0,2,34,-2,-1,-1,-1,-1,-1,1401,1624,4180,2665,3915,1401,1635,4180,2667,3915,2091
0,1,170000,1,2,33,-1,-1,-1,-1,-1,-1,165,165,0,4841,95,165,165,0,4841,95,531
0,0,50000,0,2,31,0,0,0,0,0,0,48208,49598,46363,9283,9632,2000,2200,1150,500,500,393
1,1,170000,0,2,29,-2,-2,-2,-2,-2,-2,-807,-807,-807,-1169,-1531,0,0,0,0,0,0
1,1,280000,1,1,42,1,-2,-2,-2,-2,-2,0,0,0,0,0,0,0,0,0,0,0
1,0,50000,1,2,32,0,0,0,0,0,0,50669,48942,27836,40346,38668,27004,1613,1484,3675,698,1000
0,1,120000,0,2,52,1,2,0,0,0,0,117849,120471,117218,116871,122192,0,6100,5700,4500,9000,4700
0,0,450000,0,2,53,-2,-2,-2,-2,-2,-2,2545,1158,1103,110,187,2557,1273,1109,0,187,2014
1,0,170000,1,1,41,0,0,0,0,0,0,49176,41969,37409,36214,30798,5019,10041,5012,5024,5012,11174
1,0,60000,1,2,33,0,0,0,0,0,0,31379,31328,30905,30237,28461,1799,3000,1420,2000,1164,2000
0,0,100000,0,2,30,0,0,0,0,0,0,84278,86977,89575,91382,93320,3324,3428,3399,2546,2671,2939
1,1,30000,0,2,31,-1,2,2,3,2,2,309,-471,1479,1320,930,0,0,1950,0,390,0
0,1,50000,1,2,41,0,0,0,0,0,0,46041,47890,8412,9412,0,10000,3012,1000,1000,0,0
1,0,50000,1,2,53,0,0,2,2,0,0,14295,9714,9047,8983,9289,3300,1000,0,1000,1000,1423
0,1,180000,0,2,47,-1,-1,-2,-2,-2,-2,4256,4000,4000,4000,4000,4256,4000,4000,4000,4000,4000
1,1,50000,0,2,50,-1,-1,-1,-1,-2,-1,1846,697,364,0,760,1846,697,364,0,760,5862
0,1,50000,0,2,45,0,0,0,0,0,0,12630,9215,9215,8011,5615,2022,2000,0,1000,1904,1664
1,1,270000,0,1,44,-2,-2,-2,-2,-2,-2,2894,25417,3839,1794,2459,3000,25500,4000,2000,2459,10000
0,0,330000,1,1,45,0,0,0,0,0,0,246735,248541,231534,230309,235992,7500,8001,7000,7000,8000,8000
0,0,200000,1,1,30,2,4,4,4,4,4,176605,179754,182763,184570,184091,7310,7459,7468,6275,3000,0
0,0,130000,0,1,29,-1,-1,-2,-2,-2,-2,0,0,0,0,0,0,0,0,0,0,0
0,1,220000,0,1,36,0,0,0,0,0,0,32919,24175,37975,39752,33351,9005,10000,15000,9000,21000,0
0,0,350000,1,1,35,-1,-1,2,2,2,-1,4248,785,135,0,1006,4273,0,0,1006,1006,0
1,1,200000,0,2,46,-1,2,2,-1,-1,2,2881,1436,1261,2849,1438,1436,0,1261,2849,0,1261
1,1,200000,0,1,29,0,-1,0,0,0,0,439,2257,43720,43968,45182,439,2000,42000,1700,2000,1700
1,1,50000,1,2,41,0,0,0,0,0,0,43163,36546,6421,5263,-12,1942,1725,1000,400,0,0
1,1,60000,1,2,31,0,-1,-1,-2,-2,-2,140,0,0,0,0,140,0,0,0,0,0
0,0,300000,0,2,42,-1,-1,-1,-1,-1,-1,319,8157,21228,326,1518,319,8157,21228,326,1518,47374
0,1,50000,0,2,35,0,0,0,0,0,0,49796,50892,50769,48813,49874,2200,2200,1800,1900,2000,2000
1,1,290000,0,2,60,1,-2,-2,-2,-2,-2,0,0,0,0,0,0,0,0,0,0,0
1,1,500000,1,1,32,-1,0,0,0,-1,-1,46364,30327,16314,1151,3074,40019,16107,3325,1151,3074,4984
0,0,140000,0,2,34,0,0,0,0,0,0,49930,51980,54606,55220,56527,2710,2760,3386,2000,2082,2000
0,0,130000,0,1,34,0,0,0,0,0,0,27910,24976,27648,29962,27422,3000,3000,3000,3000,5000,3000
1,0,220000,1,1,30,-2,-2,-2,-2,-2,-2,-1,-1,300,90,2194,0,0,301,90,2204,547
0,0,60000,0,2,40,0,0,0,-1,-1,-1,30216,23720,1569,5580,2211,4000,1010,1569,5580,2211,0
0,1,400000,0,2,37,-2,-2,-2,-1,0,0,13181,4039,10692,18692,19565,13256,4039,10692,8000,9000,1000
0,1,100000,1,1,29,0,0,0,0,0,0,60367,62959,61796,62602,64983,5003,5003,1723,3115,3000,3000
1,1,200000,1,1,43,0,0,-1,0,0,0,-4359,190829,96686,100131,102467,1029,200000,10000,5000,4000,4000
0,0,50000,0,2,36,-1,-1,-2,-2,-2,-2,0,0,0,0,0,0,0,0,0,0,0
0,0,240000,1,1,50,0,0,0,0,0,0,54522,55634,56628,58228,59985,3000,2400,2300,2300,2500,2100
1,0,310000,1,1,44,1,-1,-1,-2,-2,-2,7281,0,0,0,0,7323,0,0,0,0,0
1,0,200000,0,1,38,1,-2,-2,-2,-2,-2,0,0,0,0,0,0,0,0,0,0,0
1,0,600000,0,1,31,-2,-2,-2,-2,-2,-2,115,349,-9,-9,-9,700,349,9,0,0,0
1,1,380000,1,1,37,-1,-1,-1,-1,-1,-1,4162,2107,0,1630,0,4472,2107,0,1630,0,0
1,1,230000,1,1,32,-2,-2,-2,-2,-2,-2,3943,3126,3126,500,500,1223,1000,0,0,0,0
1,1,50000,1,2,53,-1,-1,-1,-1,-1,-1,493,493,493,493,493,493,493,493,493,493,493
0,0,20000,0,2,32,0,0,0,-2,-2,-2,17191,0,0,0,0,1500,0,0,0,0,8000
0,0,170000,1,2,41,-2,-2,-2,-2,-1,-1,7404,7829,2218,3972,3643,7417,7862,2218,4866,3643,2732
0,0,170000,0,2,52,0,0,0,0,0,0,168529,169956,119844,117944,118163,6791,7333,4218,4269,4481,4144
0,0,50000,1,2,31,0,0,0,0,-1,-1,49483,40850,0,800,400,2000,3000,0,400,20000,10000
1,0,380000,0,2,44,-1,-1,-2,-1,0,-1,0,0,12500,37811,1500,0,0,12500,25311,1500,5680
0,0,100000,1,2,38,0,0,0,0,0,0,96772,97240,98159,97481,97574,4499,4578,4606,3817,3998,3695
0,1,460000,0,2,50,0,0,0,0,0,0,552144,523423,493548,429966,427216,19141,19141,20141,14642,31549,15522
1,1,300000,0,2,40,-2,-2,-2,-2,-2,-2,0,2454,217960,0,0,0,2454,218000,0,0,179999
0,0,300000,1,2,41,0,0,0,0,0,0,140472,96234,64482,100558,76056,5505,5000,3000,95000,4000,3500
0,1,120000,1,2,30,2,2,2,2,2,2,70896,72381,70629,74827,76470,3200,3200,0,6000,3000,3000
0,0,180000,0,2,34,1,2,2,2,2,2,144790,146552,142714,152219,149618,6500,5600,0,12000,0,11800
0,1,40000,0,2,33,1,2,2,0,0,-1,23242,21057,20746,20613,867,3000,0,1000,1062,1600,1542
0,1,200000,0,2,35,0,0,0,0,0,0,65565,66870,68752,70485,71887,3000,3000,3000,3000,2575,3000
1,1,440000,0,2,47,1,-1,-1,-1,-1,-1,1160,1807,-11,2220,165,1166,1891,0,2231,165,1573
0,0,70000,1,2,33,1,2,8,7,7,6,37611,37026,38922,38318,38133,12000,0,2500,0,1000,1500
1,1,140000,0,2,29,0,0,0,0,0,0,44335,45351,46317,55506,56609,2000,1755,1721,10000,2028,3000
1,1,50000,1,2,49,0,0,0,0,0,0,21485,18800,17272,14226,14991,1377,1500,500,2000,1000,2000
0,0,120000,0,1,37,-1,-1,-1,-1,-1,-1,-4,1878,407,247,1817,0,1882,407,247,2000,0
1,1,200000,0,1,39,-1,-1,-1,-1,0,0,395,5094,9204,9403,4602,400,9500,9250,5000,0,5000
1,1,50000,1,2,38,0,0,0,0,0,0,47153,43238,17253,16307,16651,1864,1811,594,587,1000,1000
0,0,30000,1,2,37,4,3,2,-1,0,0,3356,2758,20878,20582,19357,0,0,22000,4200,2000,3100
0,1,200000,1,2,30,0,0,0,0,0,0,184391,169311,165686,162639,165627,7197,7035,7032,6008,7002,6523
0,1,310000,0,2,32,0,0,0,0,0,0,327591,322273,272890,208257,206609,13294,12131,8543,10185,8290,7500
1,0,330000,0,1,36,1,-2,-2,-1,-1,-1,0,0,1983,0,207,0,0,1983,0,207,49974
0,1,60000,0,2,35,2,0,0,2,2,2,45436,42240,38884,34488,28838,1700,2500,2600,1500,0,1500
0,0,70000,0,2,30,0,0,0,0,0,0,9596,10637,11965,12178,13962,1300,1200,1507,1000,2000,1000
1,1,240000,1,2,37,0,0,0,0,0,0,14070,15535,17734,19734,8561,3000,2000,3000,2000,2000,0
1,1,400000,1,1,41,-1,-1,-1,-1,-1,-1,816,1617,875,917,5434,816,1617,875,917,5434,14115
0,0,240000,0,1,35,-1,-1,-1,0,-1,0,5770,10412,4578,5928,5619,5770,10420,1150,5928,3619,13227
0,0,170000,0,2,42,-1,-1,-1,-1,-1,-1,415,415,415,1215,1390,415,415,415,1215,1390,1215
1,1,50000,1,2,30,0,0,0,0,0,0,48447,48345,20079,20656,19818,2401,1735,700,876,711,701
0,1,80000,0,2,36,1,-2,-2,-2,-2,-2,14233,15854,10000,10000,10000,14233,15854,10000,10000,10000,10000
0,1,240000,1,2,31,0,0,0,0,0,0,172809,176012,179175,180809,184383,7648,7900,8000,6500,6900,7000
1,1,140000,1,1,43,0,0,0,0,0,0,95122,84315,70871,70923,64202,4535,2856,2503,2378,3014,2048
1,1,360000,0,1,44,1,-2,-2,-2,-2,-2,0,0,0,0,0,0,0,0,0,0,0
1,1,240000,0,1,31,0,0,-1,0,0,-1,40286,9015,10476,20237,2011,10000,9015,2000,10000,2512,67826
1,0,130000,0,1,41,-1,-1,2,2,2,0,9637,8256,14890,13742,7630,9804,0,7600,0,5000,10000
0,0,20000,1,2,33,0,0,0,0,0,0,18668,19597,19589,19275,0,1471,1400,392,386,0,0
0,0,240000,1,1,33,0,0,0,0,0,0,243242,242128,216017,199069,202358,15018,35521,20003,7009,15018,20100
1,1,460000,0,1,30,-2,-2,-2,-2,-2,-2,0,0,0,630,0,0,0,0,630,0,0
0,0,160000,0,1,31,-1,2,-1,-1,-1,-1,696,1395,898,894,2198,2,1399,903,896,2204,786
0,1,430000,0,2,37,0,0,0,0,0,0,18175,11153,11073,2853,3177,2003,2000,1030,2350,2000,1150
1,1,170000,0,2,36,2,2,2,2,2,2,15031,16784,17711,17131,18197,0,2500,1500,0,1500,1000
0,0,320000,1,1,41,0,0,0,0,0,0,237915,235917,227714,154939,102338,15818,10049,10015,14939,4338,5267
0,0,30000,1,2,29,0,0,0,0,0,-2,30348,31570,32661,0,0,1600,1738,1829,0,0,0
0,0,90000,0,1,42,2,0,0,0,0,0,85975,86302,67592,69518,68228,3500,3500,3000,3000,3000,2800
1,0,70000,1,2,40,0,0,0,0,0,0,27040,23756,18897,10873,10707,1681,1635,1463,525,535,570
1,1,450000,1,1,37,1,-1,-1,-2,-2,-2,245,0,0,0,0,245,0,0,0,0,0
0,0,80000,0,1,44,0,0,0,0,0,0,68947,67025,64850,63658,63005,3152,2873,2380,2401,2492,2073
0,1,500000,0,2,43,0,0,0,0,0,0,355323,352868,353297,377371,365278,14000,14500,13000,13000,15000,15000
0,1,150000,1,2,48,1,2,0,0,2,0,141815,143704,151572,149807,153088,0,5000,9500,0,5005,6010
1,0,190000,1,1,39,1,-2,-2,-2,-2,-2,-2,-472,-472,-472,-472,0,0,0,0,0,0
0,0,380000,0,1,44,0,0,0,0,0,0,355744,347667,304356,311458,299277,15071,13500,11000,12000,12000,11000
0,0,180000,0,1,38,2,0,0,0,0,0,176737,179787,181918,169664,173169,8000,7900,6900,6200,6700,6700
0,1,360000,1,1,59,-2,-2,-2,-1,0,-1,4536,4500,71028,5019,28028,5095,5048,72133,25,28168,18758
1,1,150000,1,1,49,-2,-2,-2,-2,-2,-2,109115,102598,3039,-309,-309,6000,4044,309,0,0,0
0,0,340000,0,1,38,-1,-1,0,0,0,-1,41951,86114,82049,57667,80767,41951,50000,30000,5000,80767,10000
1,0,100000,1,2,41,-1,-1,-1,-1,0,0,949,3079,6427,6558,0,957,3079,6427,131,0,0
0,0,260000,0,1,29,-2,-2,-2,-2,-1,-1,1476,1476,1476,20976,1476,1476,1476,1476,20976,1476,1476
0,1,50000,0,2,30,0,0,0,0,0,0,38614,39671,40213,41064,43382,2000,2000,1500,1500,3000,2000
0,0,180000,0,2,33,0,0,0,0,0,0,49282,50159,51336,54332,56249,3000,2000,2011,4000,3000,3000
1,1,170000,1,2,38,-1,0,-1,-1,-1,0,21770,11507,715,3282,715,15067,11572,3282,3282,0,3122
0,0,50000,0,2,29,0,0,0,0,0,0,49391,27780,28585,28130,29005,3000,2000,1200,1000,1300,1000
1,1,450000,0,1,40,1,-2,-2,-2,-2,-2,0,0,0,0,0,0,0,0,0,0,0
0,0,270000,0,1,42,-1,-1,-1,0,0,0,0,8091,8350,8350,0,0,8091,1000,0,0,0
0,1,270000,0,2,38,0,0,0,0,0,0,59464,54715,51796,53256,59733,3000,3019,5000,5000,10000,10000
0,0,200000,0,1,45,-1,-1,-1,-1,-2,-2,337,670,0,0,0,337,670,0,0,0,451
0,0,50000,1,2,29,2,2,0,0,2,2,30712,32332,34156,33360,25988,1370,2210,2190,1000,0,680
0,1,180000,0,2,39,0,0,0,0,0,0,117351,115402,105844,98396,101390,6000,7030,8000,5396,5390,5006
0,1,170000,1,2,35,1,2,2,2,2,0,19229,18642,19743,19422,3644,1900,0,2000,0,500,500
0,0,50000,1,1,29,0,0,0,0,0,0,27878,28908,29922,30517,31164,1454,1484,1498,1093,1139,2039
0,0,140000,0,1,37,-1,-1,-1,-2,-2,-1,40000,0,0,0,510,40000,0,0,0,510,0
0,0,100000,0,2,40,0,0,0,0,0,0,26616,26704,27640,30035,33697,2008,2000,2000,3000,5000,3000
0,0,240000,0,1,29,0,0,0,0,0,0,18951,18977,12055,7878,5531,2009,2000,300,1000,2000,2000
0,0,190000,0,2,34,0,0,0,2,2,2,86730,93705,91317,96079,94428,5000,9310,0,7200,0,8000
0,1,50000,0,1,45,-1,-1,-2,-2,-1,2,0,0,0,4881,4634,0,0,0,4881,0,0
0,1,220000,0,1,41,0,0,0,0,0,0,163974,140964,105353,100750,85261,11024,5198,6006,10362,5000,4000
1,1,20000,1,2,31,0,0,0,0,2,2,14202,15237,17164,17294,16110,1230,1265,2192,694,0,3134
0,0,20000,1,2,34,1,2,0,0,0,0,20075,19492,19859,19232,15608,0,1500,805,7000,542,242
0,1,190000,0,1,40,-1,-1,-1,-1,-1,-1,991,991,666,991,1316,991,991,666,991,1316,816
1,0,90000,0,2,50,0,0,0,2,0,0,44512,47677,46615,47537,48616,2100,4200,0,2000,2000,2000
1,0,160000,1,1,43,-1,-1,-1,0,0,0,414,6437,16520,14374,10969,414,6437,10428,463,426,219
1,0,170000,0,2,33,1,-2,-2,-2,-2,-2,-189,-189,-189,-189,-189,0,0,0,0,0,0
1,1,300000,0,1,45,-1,-1,-1,0,0,-1,10009,22456,22056,14020,1230,10017,22456,0,0,1230,0
0,0,210000,1,1,35,0,0,-2,-2,-2,-2,-36,-18,-18,-18,-18,0,0,0,0,0,0
0,0,400000,0,2,41,-2,-2,-2,-2,-2,-2,678,330,330,330,330,678,330,330,330,330,330
0,0,80000,0,2,32,2,2,0,0,0,2,68660,70081,70899,75331,74005,0,3126,2578,5616,0,3000
1,1,130000,1,1,32,-1,-1,-1,-2,-2,-1,41510,-1523,-1523,-1523,48477,10000,0,0,0,50000,5000
0,0,360000,0,1,51,-2,-2,-2,-2,-2,-2,1117,7062,-3,1178,-2,1120,7065,0,1181,0,1758
0,0,130000,1,2,37,0,0,0,0,0,0,104341,96395,82476,84205,84162,3857,3734,2924,3029,3009,3116
1,1,130000,0,2,45,0,0,0,0,-2,-2,116746,59839,0,0,0,5298,2606,0,0,0,0
0,0,100000,0,1,43,-1,-1,-1,-1,-1,-1,22971,15537,27075,8423,37259,22982,15561,27091,8423,37259,16751
1,0,430000,0,1,46,-2,-2,-2,-2,-2,-2,43717,4153,4196,447,0,43717,4153,4196,447,0,3566
0,1,150000,1,1,37,0,0,0,0,0,0,44386,46505,49103,51698,52549,3000,2500,3000,3000,1546,2000
0,1,50000,1,2,41,0,0,0,0,0,0,43951,47169,19096,19652,18889,1844,4562,667,847,700,655
1,1,400000,0,2,33,0,0,-2,-2,-2,-2,0,11451,101,551,19982,0,11451,104,600,20015,0
0,0,350000,0,0,53,-1,-1,-1,-1,-1,-1,4815,61044,22611,1385,6043,4840,61349,22687,1389,6058,1153
0,1,390000,0,2,30,0,0,0,-1,-1,0,17147,3350,4710,80474,80330,1070,1226,4710,83756,3100,3100
0,1,200000,1,1,29,0,0,0,0,0,0,159654,162208,162357,144236,127362,6017,8000,5800,5200,5000,5000
1,0,60000,1,2,45,0,0,0,0,0,0,7487,9356,10392,11214,12028,1131,2000,1200,1000,1000,1000
1,0,360000,1,1,51,-1,-1,-1,-1,-1,-1,5608,923,12886,489,172,5636,927,12950,491,173,7144
1,1,290000,0,1,37,1,-2,-1,-1,-1,-1,0,3155,0,2359,0,0,3155,0,2359,0,0
0,0,390000,0,1,31,0,0,0,0,0,0,43220,44237,46495,47751,51941,5000,3000,3000,2000,5000,5000
0,1,140000,1,2,36,0,0,0,0,0,2,61732,62411,64372,70015,68745,3000,2300,3000,6700,0,3000
1,0,110000,0,2,31,2,0,0,0,0,2,2785,5496,7496,9298,3340,1500,3000,2000,2000,0,93665
1,1,270000,1,1,32,-2,-2,-2,-2,-2,-2,0,1100,300,-200,-200,0,1100,300,0,0,0
0,0,80000,0,2,35,-1,-1,-1,-1,-1,0,9796,13443,396,396,396,9796,13443,396,396,0,396
1,0,240000,0,1,29,1,-2,-2,-2,-2,-2,0,0,0,0,0,0,0,0,0,0,0
0,0,270000,0,1,35,2,0,0,0,0,0,131185,134297,208396,106524,104447,6300,6800,4000,4200,7000,3000
0,0,230000,0,2,29,0,0,0,0,0,0,119402,78875,76117,75428,150130,6000,3020,3000,2500,80000,5000
0,0,140000,0,2,37,1,-1,-1,0,0,-2,177,1460,1460,0,0,177,1460,0,0,0,0
0,0,250000,0,1,34,2,0,0,0,0,0,193296,194659,196481,196256,195370,9917,7350,7231,6603,6797,7557
0,1,80000,0,1,43,-1,-1,-1,-2,-2,-1,2282,-185,-185,-185,665,2282,0,0,0,1000,0
0,1,120000,0,1,38,-1,-1,-1,-1,-1,-1,4000,1000,0,19100,0,4000,1000,0,19100,0,0
0,1,350000,0,1,34,-1,0,0,0,0,0,107295,108299,103487,90880,84387,75000,30000,4000,4000,5000,5000
1,0,220000,1,2,41,-1,-1,-1,-1,-1,-1,1369,5924,1759,1824,7022,6643,5924,1759,1824,7022,2515
1,1,300000,0,1,33,-2,-2,-2,-2,-2,-2,0,0,0,0,0,0,0,0,0,0,0
0,1,500000,0,2,33,0,0,0,0,0,0,275025,285034,290002,295756,302149,15000,14500,10370,11000,11000,13000
1,0,30000,0,1,30,0,0,2,2,0,0,17728,19129,18527,18758,19285,3100,2000,0,679,837,721
1,0,150000,0,1,40,1,-1,-1,0,-1,-1,17671,14517,1870,3495,0,17686,14517,0,3495,0,21754
0,0,30000,1,2,35,0,0,0,0,0,0,21827,20723,19523,4294,3974,2000,2032,0,1000,3000,1000
0,1,180000,1,2,32,0,0,0,0,-2,-2,19517,11988,0,0,0,1429,1000,0,0,0,0
1,1,100000,1,1,32,-1,-1,-1,-1,2,-1,671,671,1642,821,671,671,671,1642,0,671,671
1,1,190000,0,2,34,1,-2,-2,-2,-2,-2,-18,-18,-18,-18,-18,0,0,0,0,0,0
0,0,20000,0,2,45,0,0,0,0,0,-2,40278,18760,18662,0,0,2500,3000,1000,0,0,0
0,1,160000,0,2,39,0,0,2,2,2,0,37119,36263,43481,43515,49619,7000,0,7847,1026,7000,7968
0,1,360000,1,1,53,-2,-2,-2,-2,-2,-2,4741,6336,937,766,1065,4765,6395,941,769,1070,1088
1,1,390000,0,2,49,0,0,0,0,-1,-1,5731,3386,3134,259,578,1066,1000,63,259,578,1141
0,0,200000,1,2,42,0,0,0,0,0,0,69702,70015,72073,71690,73661,4000,4000,5000,2563,5000,5000
1,1,20000,0,2,50,2,-1,2,-1,-1,2,780,390,549,1320,780,780,0,549,1320,0,0
0,1,80000,0,2,34,0,0,0,0,-1,0,80539,76681,34197,27398,28646,4000,2333,3032,28298,2000,2000
0,0,530000,0,1,54,-2,-2,-2,-2,-2,-2,5598,36532,3288,1415,448,5600,36532,3293,1415,448,1687
0,1,80000,1,1,34,2,2,2,2,2,2,62423,63827,64682,65614,67007,2800,3000,2500,2600,2600,2600
0,0,160000,0,2,32,0,0,0,0,0,2,24158,10091,5905,6210,4302,1200,1036,309,500,0,1000
1,1,80000,1,1,35,0,0,-1,0,0,0,93507,78716,53109,28973,24705,20000,79239,2516,1023,2000,1000
0,1,190000,0,1,29,0,0,0,0,0,0,95341,74959,76514,78047,79603,3318,2719,2800,2800,2900,3400
0,0,210000,0,1,46,-2,-2,-2,-2,-2,-2,0,4160,2540,1055,0,0,4160,2540,1055,0,408
0,0,240000,1,2,48,0,0,0,0,0,0,236769,238769,235603,233374,230897,8622,8922,8519,8499,8418,8420
1,1,260000,0,1,31,0,0,0,0,0,0,165412,108223,108860,80757,79073,8250,5500,5000,3500,3000,4000
0,1,20000,1,2,43,2,2,2,2,4,3,17069,17818,20251,19657,19072,3000,1300,3000,0,0,0
1,0,360000,1,1,31,1,-2,-1,-1,-2,-1,0,1650,0,0,1650,0,1650,0,0,1650,0
0,1,250000,0,2,35,0,0,0,0,0,0,241711,205944,210513,214696,219218,8517,7481,8000,7682,7979,13350
0,0,230000,0,2,29,1,2,0,0,0,0,114665,115898,112930,115743,118933,4800,4600,4300,4700,5124,4110
0,0,20000,0,2,34,2,2,2,0,0,0,16887,17302,18029,18362,18669,300,1000,1000,1000,1000,1000
0,0,200000,1,1,39,-2,-2,-2,-2,-2,-2,3103,2005,15776,2696,6147,5585,2015,15854,2709,6178,16961
0,0,60000,1,2,47,0,0,0,0,0,2,30333,31835,33602,38127,37382,1500,2000,2300,5100,0,2000
0,0,260000,0,2,31,0,0,0,0,0,0,137702,77683,163040,86008,88575,7000,3000,7152,8000,4000,4000
1,1,140000,1,1,32,-1,-1,-2,-1,0,-1,0,0,61,561,528,0,0,61,500,528,498
1,1,220000,0,2,51,0,0,0,0,0,-2,12838,8605,5352,-5048,-5048,3010,3040,1000,0,0,0
1,1,140000,0,2,37,1,-1,-1,0,0,-2,177,1460,1460,0,0,177,1460,0,0,0,0
0,1,170000,0,1,40,-1,-1,-1,-1,-1,-1,997,2446,720,236,210,1001,2446,720,236,210,52
1,1,60000,1,2,52,0,0,0,0,0,0,58170,56539,29425,28013,29075,3000,2000,1000,1000,1500,2450
0,1,150000,0,1,33,0,0,0,0,0,0,110884,113152,116097,118500,120896,61101,3210,3911,3354,3400,3500
0,1,20000,1,2,53,2,0,0,0,0,0,16515,17827,17874,18288,18557,1281,1593,640,702,612,1000
1,1,350000,0,2,34,1,-1,2,-1,0,-1,630,630,15722,2003,7264,650,0,15788,10,7299,13980
0,0,230000,1,2,29,0,0,0,0,0,0,48170,46987,45669,44510,43084,1768,1769,1635,1660,1544,1445
1,0,210000,1,2,43,1,-2,-1,0,0,0,0,38013,40555,45075,37056,0,38013,3000,5000,3000,3000
0,0,50000,1,2,40,2,0,0,2,0,0,12479,13876,13444,13367,13282,2000,2000,1000,1000,1000,2000
0,1,420000,1,1,47,-2,-2,-2,-2,-2,-2,82842,77628,52294,0,0,84459,79192,57145,0,0,0
1,0,200000,1,1,49,-1,-1,-1,-1,-1,-1,528,216,1311,2842,0,792,216,1311,2842,0,623
1,1,60000,1,2,46,-1,0,-1,0,0,0,286,6466,6469,5364,3664,285,6466,3,5,10,15219
0,0,30000,0,2,44,0,0,0,0,0,0,10766,12070,11973,10166,7966,1200,1500,2000,1166,3500,1500
1,0,20000,1,2,48,0,0,2,0,0,0,10479,10167,10695,11365,12170,4500,0,1000,1000,1000,1000
0,1,110000,0,2,46,0,0,0,0,0,2,108187,108015,88618,71865,65629,5604,4661,3560,4915,0,3000
0,0,340000,1,1,38,0,0,0,-1,-1,-1,89605,87780,1680,1920,9151,5000,7785,1699,1920,9151,187000
0,0,20000,1,2,35,0,0,0,0,0,-1,19819,11280,3680,4480,1650,3013,1005,1000,3000,1650,0
0,1,50000,1,2,33,0,0,0,0,0,0,8418,8347,12321,6294,3333,3000,3000,7508,1000,1000,1500
0,0,150000,0,2,47,0,0,0,0,0,0,144960,148146,142279,139905,142833,6900,7200,5450,5265,5443,5350
1,1,490000,1,1,35,-2,-2,-2,-2,-2,-2,2639,1610,1231,1419,14143,2652,1618,1237,1426,14214,11493
1,1,90000,0,2,34,-1,2,2,-2,-2,-2,7500,0,0,0,0,0,0,0,0,0,0
0,0,20000,0,2,45,1,1,-1,0,-1,-1,-630,18976,8005,3034,9287,700,21400,1005,3034,9287,85
0,1,200000,1,1,39,0,0,0,0,0,0,79928,23532,23632,12852,5799,20387,2023,5060,1549,3029,8419
0,1,190000,1,2,45,0,0,0,0,0,0,63105,55282,50864,48782,49241,5000,2600,2000,3000,5000,2000
1,1,220000,0,2,30,0,0,0,0,0,0,24781,22901,23815,37748,16657,10000,2015,5000,20000,3000,1210
1,1,60000,0,2,51,0,0,0,0,0,0,18251,19289,19033,20793,23530,2065,2000,2000,2000,3000,3000
1,0,290000,0,2,49,-2,-2,-1,2,0,0,-236,11764,11186,6863,6179,0,12000,0,0,0,0
0,1,140000,1,1,31,0,0,0,-2,-2,-2,70631,0,0,0,0,1413,0,0,0,0,0
1,1,360000,0,2,36,0,0,2,0,0,2,48359,37054,50009,53984,25258,15000,11,20000,5000,0,37000
0,1,290000,0,1,43,-1,-1,-1,-1,0,-1,1799,5029,3103,1838,690,1808,5054,3109,9,693,3579
1,1,50000,0,2,30,-1,-1,-2,-2,-2,-2,0,0,0,0,0,0,0,0,0,0,0
0,0,440000,1,2,49,-2,-2,-2,-2,-2,-2,2002,2942,2948,0,942,2002,2942,2948,0,942,1000
0,1,80000,0,1,43,-1,-1,-1,-2,-2,-1,2282,-185,-185,-185,665,2282,0,0,0,1000,0
0,0,210000,0,1,33,0,0,0,0,0,0,190551,192717,195700,150525,137565,7000,7791,7000,5254,5400,5380
0,1,310000,0,2,35,2,0,0,0,0,0,311243,306314,258610,246491,198889,13019,11128,8407,8599,6833,5987
0,1,100000,1,2,38,0,0,0,0,0,0,96772,97240,98159,97481,97574,4499,4578,4606,3817,3998,3695
0,0,140000,0,2,48,0,0,0,0,0,0,246595,249664,253418,258909,255232,10000,10200,9000,9000,10000,10000
0,0,300000,0,2,42,-1,-1,-1,-1,-1,-1,319,8157,21228,326,1518,319,8157,21228,326,1518,47374
1,1,180000,0,1,44,-1,-1,-1,-1,-1,-1,1071,6554,0,21398,298,1071,6557,0,21398,298,0
0,1,280000,0,2,48,-1,-1,0,0,-1,-1,31251,37071,16757,9509,10861,31280,26757,5076,9539,10861,56137
1,0,160000,0,1,35,1,-2,-2,-2,-1,-1,0,0,0,1240,0,0,0,0,1240,0,0
0,1,150000,1,2,40,0,0,0,0,0,0,46462,42407,28265,25402,21514,35749,3016,1201,601,2002,1020
1,1,420000,1,1,54,-2,-1,2,-1,0,0,1632,629,13371,12383,8260,1632,0,13371,15,0,2512
0,1,200000,1,1,47,-1,-1,-1,-1,-1,-1,696,696,696,846,696,696,696,696,846,696,696
0,1,140000,0,1,56,0,0,0,0,0,0,93802,94531,96264,98135,100062,4300,3500,3600,3881,4200,3521
0,0,290000,0,1,30,0,0,0,0,0,0,8341,17333,34539,35288,35438,5004,10000,18000,1200,3000,2000
1,0,220000,1,1,34,-1,-1,-1,-2,-2,-2,3431,-344,-344,-601,-601,3431,0,0,0,0,0
1,1,460000,1,1,39,2,2,5,5,5,5,2495,2495,2495,2495,2495,0,0,0,0,0,0
0,1,50000,1,2,38,0,0,0,0,0,0,47072,47637,44429,27279,27318,2000,2000,2000,944,1118,1000
1,1,280000,0,1,39,-1,-1,-1,0,0,-2,0,3968,3868,0,0,0,3968,0,0,0,0
1,1,200000,1,1,39,-2,-2,-2,-2,-2,-2,3103,2005,15776,2696,6147,5585,2015,15854,2709,6178,16961
0,1,150000,0,1,30,0,0,0,0,0,0,133582,125026,108358,110070,111654,8000,8000,5000,5000,5000,5000
1,1,50000,1,1,51,1,-2,-2,-2,-2,-2,0,0,0,0,0,0,0,0,0,0,0
0,1,200000,1,2,32,2,2,2,2,2,2,86484,92504,90120,93629,96980,0,7421,0,5000,5000,5000
0,0,120000,0,1,35,0,0,0,0,0,0,12092,15516,17373,17950,18363,2519,3643,2500,1000,689,1000
0,0,220000,0,2,40,0,0,-2,-1,0,0,0,0,5752,8478,9336,0,0,5752,3000,1000,2000
0,0,20000,1,2,34,1,2,0,0,0,0,14459,12607,16430,19230,0,0,6000,5000,3000,0,0
0,0,60000,0,1,31,-1,-1,-1,-1,-2,-2,1596,1562,0,0,0,1596,1562,0,0,0,0
1,1,50000,1,2,30,0,0,0,0,0,0,31702,26829,18948,18830,19358,1489,1326,642,2000,824,1000
0,0,10000,1,2,38,2,2,3,3,3,3,1050,1050,1050,1050,1050,0,0,0,0,0,0
0,1,200000,0,1,39,-1,-1,-1,-2,-1,-1,7922,0,0,506,4408,7922,0,0,506,4408,0
0,1,60000,0,2,29,0,0,0,0,0,0,28358,28937,29614,30391,23159,1900,1400,1000,1100,1000,420
0,0,80000,0,1,33,0,0,3,2,0,0,82151,80296,77848,76508,78396,10000,0,0,2788,3171,3000
0,0,70000,0,2,62,2,0,0,0,0,0,49358,50396,51462,52609,53708,1796,1834,1900,2000,1945,2000
1,0,290000,1,1,40,0,0,0,0,0,0,95169,93718,89712,82809,76334,4000,4250,5000,3241,3500,7000
0,0,180000,0,1,47,0,0,0,0,0,0,104179,84940,65613,67256,71934,5000,13000,3000,2700,6000,5000
0,1,230000,1,2,34,0,0,0,0,0,0,135706,122232,82007,80811,81914,6500,6000,3400,2500,2000,1800
1,1,280000,0,1,31,-2,-2,-2,-2,-2,-2,326,0,326,652,0,326,0,326,652,0,652
0,0,80000,1,2,53,0,0,0,-2,-2,-2,6666,0,0,0,0,1000,0,0,0,0,0
1,0,450000,1,1,31,-1,-1,-1,-1,-2,-2,5000,5000,0,0,0,5000,5000,0,0,0,0
1,0,150000,1,2,40,0,0,0,0,0,0,106396,105332,82191,77262,49851,4000,7041,3000,3116,2500,5000
0,0,310000,1,2,42,0,0,0,0,0,0,262830,210583,210982,126502,102999,9297,8311,6928,3539,2991,2672
1,1,110000,0,1,31,-2,-2,-2,-2,-2,-1,0,0,0,163,63755,0,0,0,163,63755,2000
0,1,90000,0,2,32,0,0,0,0,0,0,88533,91001,90661,51620,52668,3500,3908,4328,2100,2500,1308
0,0,100000,0,2,40,0,0,0,0,0,0,85345,76109,77068,77868,75954,3500,3500,3300,3000,3000,3000
0,1,270000,0,2,38,-1,0,0,0,-1,0,3562,5061,5500,116681,119553,1071,2000,1000,116681,5000,4000
1,0,170000,0,2,56,-1,-1,-1,-1,-1,-1,0,451,0,424,1482,0,451,0,424,1482,688
0,0,180000,0,2,52,0,0,0,0,0,0,71888,65832,51621,51191,49918,3200,2200,1800,2000,1800,1500
0,1,50000,0,2,29,0,0,0,0,0,0,48347,49268,50437,37302,38302,2100,2000,2100,1400,1600,1600
0,1,360000,0,2,39,-1,-1,-1,-1,-1,-1,22312,19181,16155,5936,15330,22434,19286,16243,5966,15407,43019
1,1,30000,1,1,36,-1,2,2,-1,2,2,543,153,1495,955,1735,200,0,1495,0,1170,0
1,1,230000,0,2,30,-1,-1,-1,2,-1,-1,5899,4080,1935,1656,2351,5899,4080,0,1656,2351,3312
0,1,100000,0,2,31,0,0,0,0,0,0,76887,78178,79858,74785,54849,2745,2939,3500,3000,1989,1987
1,1,20000,0,2,49,0,0,-1,-1,0,0,13342,808,18910,19306,19809,2018,404,19000,677,800,601
1,0,50000,1,1,63,-1,-1,2,-1,-1,-1,528,264,264,264,264,528,0,264,264,264,264
1,1,200000,0,2,50,-2,-1,0,0,-1,0,6640,7428,10234,5380,7532,6640,1025,10249,5380,5000,2261
0,0,340000,1,2,43,1,-2,-2,-2,-2,-2,-15,-15,-15,-15,-15,0,0,0,0,0,0
1,1,220000,0,2,37,1,-2,-2,-2,-2,-2,0,0,0,0,0,0,0,0,0,0,3422
1,1,50000,1,2,42,1,2,0,0,0,0,49056,48714,38653,19439,14711,0,4000,2000,1000,521,700
1,1,200000,0,1,39,-1,-1,-1,-1,0,0,395,5094,9204,9403,4602,400,9500,9250,5000,0,5000
1,0,240000,0,1,45,-1,-1,-1,-1,-1,-1,5286,5596,3328,3763,9529,5286,5596,3328,3763,9529,4895
1,0,240000,1,1,38,0,0,0,0,-1,2,2519,6646,-1776,3235,1612,2000,6500,0,5011,0,1834
0,0,210000,0,2,41,-1,-1,-1,-1,-1,-1,1586,343,3763,877,0,1586,343,3763,877,0,419
1,1,220000,1,1,45,-1,-1,-1,-1,-1,-1,11997,5874,416,416,416,12001,5874,416,416,416,416
1,0,50000,1,2,45,1,2,0,0,0,0,15843,18256,19896,19874,19248,0,3000,2000,1000,2000,0
1,1,250000,0,1,43,-1,-1,-1,0,0,0,2000,12327,10538,8712,3002,2000,12327,211,174,2228,5642
0,1,220000,0,1,36,0,0,2,0,0,0,206000,194930,130938,134664,140238,20000,0,5000,6000,8000,5000
0,0,230000,0,1,34,-1,0,0,0,-1,0,6020,9938,9865,6981,12157,3000,5000,5828,6981,6157,6342
1,1,200000,0,1,31,-1,2,2,-2,-2,-2,2500,0,0,0,0,0,0,0,0,0,0
0,1,30000,1,2,43,2,2,2,2,2,2,16327,16762,17182,17760,17327,2000,1000,1000,1000,0,1000
0,1,210000,0,2,33,0,0,0,0,0,0,177946,119362,117766,68791,66167,6000,4500,5000,3000,3000,3000
0,0,50000,1,2,45,0,0,0,0,0,2,15798,16867,17759,19354,17726,1558,1627,1519,2114,0,600
0,0,170000,0,1,33,0,0,0,0,0,0,170060,115372,211577,120407,122952,8200,5200,5000,5000,5000,4000
0,0,110000,1,1,30,0,0,0,0,0,0,51123,47251,46630,52889,53907,5000,4000,4000,10000,5000,5000
0,0,100000,0,2,50,0,0,0,0,0,0,96838,95732,91556,93403,95661,4600,4600,3500,3372,3793,4000
0,0,260000,0,2,47,0,0,0,0,0,0,167734,171932,175152,180719,183138,10000,10000,9000,10000,7000,6000
1,0,360000,1,1,57,1,-2,-1,-1,-1,-2,0,860,246,-46,-46,0,860,246,0,0,0
0,0,40000,1,2,46,2,2,2,3,2,3,30108,32515,31698,33581,32772,3573,3206,0,2700,0,0
1,1,230000,1,1,31,-2,-2,-2,-2,-2,-2,0,0,0,100,2405,0,0,0,100,2405,0
0,0,200000,0,1,37,-1,-1,-2,-2,-2,-2,0,0,0,0,0,0,0,0,0,0,0
0,0,80000,0,2,32,-2,-2,-2,-2,-2,-2,1261,1650,3176,3379,1807,1261,1650,3176,3379,1807,2241
0,1,200000,0,2,39,-1,-1,-1,-1,-1,-1,3788,5512,1986,2504,13484,3798,5512,1996,2504,13484,10075
0,1,140000,0,1,34,0,0,2,0,0,0,33690,33430,32768,29701,24377,3200,1500,1800,2000,2000,1000
1,0,240000,0,2,39,-2,-2,-2,-2,-2,-2,0,0,0,0,0,0,0,0,0,0,0
0,1,30000,0,2,35,0,0,0,0,0,0,25538,25880,25873,26157,26918,1500,1387,893,1000,1501,2000
0,1,300000,0,2,30,0,0,0,-2,-2,-1,41300,0,0,0,2538,2300,0,0,0,2538,47473
0,1,20000,0,2,46,1,2,0,0,0,0,12749,13834,14894,15050,16251,0,1600,1600,700,1601,1620
0,1,360000,1,1,33,-1,2,0,0,2,0,5732,6465,9465,9290,4209,0,1000,3000,0,5000,3780
1,0,30000,1,2,45,-1,-1,-1,-1,-1,-1,390,390,390,0,780,390,390,390,0,780,0
0,0,30000,1,2,37,0,0,0,0,0,0,24425,25463,26453,26987,28760,1397,1435,1425,959,2201,1200
1,0,90000,0,1,30,0,0,2,0,0,0,21876,21231,22071,23211,23773,3500,0,1500,1500,1100,2100
0,0,220000,1,2,35,0,0,0,0,0,0,213208,219611,204740,97722,89971,8000,10098,5828,3000,3000,5000
1,1,90000,0,2,53,0,0,0,-2,-2,-1,30000,0,0,0,439,1000,0,0,0,439,20959
0,0,10000,1,1,40,2,-1,-1,-2,-2,-2,1000,0,0,0,0,5000,0,0,0,0,0
0,1,200000,0,2,36,1,2,2,2,2,2,76308,78669,75995,79781,81533,4500,4000,0,5500,3000,0
1,1,150000,1,2,36,0,0,0,0,0,-1,26283,17897,10945,5174,1910,3000,1305,1637,350,1910,0
0,1,350000,0,1,36,-2,-2,-2,-2,-2,-2,6968,0,0,0,0,7008,0,0,0,0,0
1,0,350000,1,1,52,-1,-1,-1,-1,-1,-1,2272,722,867,1150,5263,2272,722,867,1150,5263,5011
0,1,240000,0,2,56,0,0,0,0,0,2,141894,143270,201082,215709,204302,6500,5000,60000,17464,6516,20002
0,1,150000,1,2,32,2,2,-2,-2,-1,2,0,0,0,138355,130666,0,0,0,138355,0,5200
0,0,20000,1,2,38,0,0,0,0,0,0,19646,17922,18895,19325,19859,6500,2000,2000,1500,1000,1000
0,0,180000,0,2,31,0,0,0,0,0,0,160996,132054,115551,109539,108837,10122,35206,40600,5000,10000,10000
0,0,70000,1,2,33,-1,-1,0,0,0,0,4924,5566,6139,5868,6399,4924,1113,1076,195,1000,235
0,0,200000,0,1,45,-1,-1,-1,-1,-2,-2,337,670,0,0,0,337,670,0,0,0,451
0,0,180000,1,1,35,0,0,0,0,0,0,172258,138807,132806,135603,137803,7187,5000,4749,5141,4916,4000
0,0,460000,1,1,41,-1,-1,-1,-1,-1,-1,40004,0,650,0,2232,40134,0,650,0,2232,3208
0,0,240000,0,2,29,0,0,2,2,2,0,211417,206386,219111,211373,211215,16500,0,16007,7,8229,7621
1,1,310000,1,1,39,-1,-1,-2,-1,-1,2,0,91059,155,28100,4544,0,91059,155,28490,0,1041
1,1,220000,1,1,35,1,-2,-2,-2,-2,-2,0,0,0,0,0,0,0,0,0,0,0
0,1,290000,0,2,34,0,0,0,0,0,0,315048,314085,317631,315820,305498,12012,12012,11016,11088,12031,12031
0,0,280000,0,2,39,2,3,2,2,2,2,190570,194189,189806,201410,205479,8000,8000,0,14500,7300,7500
1,1,360000,0,1,41,-2,-2,-2,-2,-2,-2,0,0,0,0,0,0,0,0,0,0,0
0,0,190000,0,2,34,0,0,0,0,0,0,77668,79321,80401,80872,77377,3500,3500,3000,3083,3000,3000
0,1,100000,0,2,38,0,0,0,0,0,0,89842,82669,70018,57847,43618,4070,4025,2511,1523,1292,1236
0,1,100000,0,1,42,0,0,0,0,0,-2,60380,58567,79527,18950,19667,2406,2200,22004,656,1000,396
1,1,200000,1,1,50,1,-1,0,-1,-1,-1,5953,2870,390,1210,2551,16374,2392,500,1210,2551,0
1,0,150000,1,1,34,1,-1,-1,-1,-1,-1,347,-13,4085,4006,826,347,0,4098,4006,826,3146
0,0,130000,1,2,31,1,2,2,2,0,0,69040,70912,63626,59200,38263,0,4130,43,2000,1368,1418
0,0,50000,0,2,44,0,0,0,0,0,0,5662,6797,7565,9565,11357,1097,1232,1000,2000,2000,4000
1,0,120000,1,1,30,-2,-2,-2,-2,-2,-2,0,0,0,0,0,0,0,0,0,0,0
0,0,280000,0,2,39,0,0,0,0,0,0,253792,276979,238527,239280,238926,8229,150062,50000,4786,4779,4876
0,0,260000,0,2,45,0,0,0,0,0,0,224426,193708,163477,139993,133197,15521,10005,7000,5500,5000,4000
0,0,360000,0,2,42,-2,-2,-2,-2,-2,-2,7954,11609,10070,5079,4086,9548,11624,10070,5079,4086,1190
0,0,20000,1,1,29,2,2,3,2,2,2,12044,11562,11080,11700,12357,2000,0,0,800,1000,500
1,1,210000,1,2,42,-1,-1,-1,-1,-1,-1,5260,3298,2972,975,3441,5260,3298,2972,975,3441,1666
0,0,110000,0,2,40,0,0,0,0,0,0,6660,7590,8657,9013,9367,1300,1200,1200,500,500,1000
1,0,280000,1,1,32,-2,-2,-2,-2,-2,-2,1000,3186,44932,2100,0,1000,3186,45028,2100,0,0
1,1,500000,1,2,32,0,0,0,0,0,-1,254846,162969,142735,76989,106476,10558,7410,3068,94,106476,152
0,0,90000,1,1,29,0,0,2,0,0,0,27551,20559,17228,6531,8411,3200,0,1000,1000,2000,0
0,1,120000,1,2,38,1,2,2,2,2,2,111960,115804,92542,83581,61650,0,6781,0,5550,0,0
0,0,200000,0,1,29,-1,-1,-1,-1,-1,-1,78,2012,6577,551,2130,676,2012,6577,551,2130,1887
1,1,300000,0,2,42,-2,-2,-1,0,0,0,1096,928,2264,3090,5056,2000,1072,1500,1000,2000,1000
1,0,210000,1,2,48,-1,-1,-1,0,-1,-1,8666,17307,8666,8666,17303,8666,17307,173,8666,17303,173
0,0,140000,0,2,38,0,0,0,0,0,0,133283,132765,123208,97154,97687,4729,5434,4751,3500,3500,3800
0,0,120000,1,2,39,2,-1,-1,-1,-1,-1,435,1887,435,435,435,435,1887,435,435,435,435
1,1,420000,0,1,29,-2,-1,-1,-1,-1,-1,2916,1985,6850,1822,4249,2916,1985,6860,1822,4249,444
0,1,140000,0,2,60,2,2,0,0,0,0,109796,112144,114789,115590,118221,0,5600,6000,4200,4500,4600
0,1,80000,0,2,53,0,0,0,0,0,0,32365,33380,34043,34756,35448,1541,1556,1219,1262,1270,1314
0,0,50000,1,1,29,0,0,0,2,0,0,14427,19819,18567,23535,28620,10000,6000,0,5630,6000,5000
1,1,200000,0,1,29,-2,-2,-2,-2,-2,-1,390,192,-198,-588,691,390,192,140,0,1727,287
0,1,50000,0,2,47,0,0,0,0,0,0,53680,20476,21781,17792,16657,2000,1700,2000,1000,702,600
0,0,230000,0,2,46,-1,-1,-1,0,-1,-1,1443,2886,1443,1443,1443,1443,2886,0,1443,1443,1443
0,0,180000,0,1,33,-1,-1,-1,-1,-1,-1,14824,19692,13115,24623,485,14824,19713,13117,24630,485,33283
0,1,20000,0,2,32,0,0,2,0,0,2,18186,17606,18708,20093,20721,2900,0,1400,1700,1100,600
0,0,50000,1,1,39,0,0,0,2,0,0,38730,50694,49483,17299,17959,6000,13000,0,1000,1000,2000
0,0,80000,0,2,49,-1,2,-1,-1,-1,0,390,390,390,721,331,0,390,390,721,0,461
1,0,360000,1,1,31,1,-2,-1,-1,-2,-1,0,1650,0,0,1650,0,1650,0,0,1650,0
0,1,240000,0,2,43,-1,2,0,-1,0,0,1588,41513,10657,7893,5347,0,41000,10657,0,5041,9190
0,0,50000,0,2,37,1,2,0,0,0,0,50253,50047,43142,10677,10105,0,2424,2355,363,361,393
1,1,360000,1,1,36,0,0,-1,-1,-1,-1,338400,493,0,2030,2112,15000,493,0,2030,2112,750
0,1,210000,0,1,46,-2,-2,-2,-2,-2,-2,0,4160,2540,1055,0,0,4160,2540,1055,0,408
0,0,20000,0,2,44,0,0,0,0,0,0,19928,18677,18503,17231,15410,2000,2000,2000,1100,1586,506
0,1,550000,0,1,34,-1,0,0,0,0,0,44045,45392,48244,36206,38021,3005,3004,4010,3002,3000,10010
1,0,20000,0,2,50,7,6,5,4,3,2,22246,21623,21000,20388,19915,0,0,0,0,0,994
0,1,320000,1,1,34,0,0,0,0,0,0,88243,96574,104795,113156,121465,19246,11550,11688,12122,12156,2437
1,1,100000,1,2,52,0,0,0,0,0,0,72937,65480,66777,68176,69547,4611,4000,2387,2472,2502,2544
1,0,50000,1,2,36,1,-2,-2,-2,-2,-1,0,0,0,0,4473,0,0,0,0,4473,1650
0,0,510000,0,2,48,0,0,0,0,0,-1,96756,72730,64746,24040,23791,9019,8000,20000,24040,23791,22503
0,0,100000,0,2,35,3,3,2,2,0,0,59556,60486,58296,33247,34118,0,2525,0,1206,1423,3400
0,0,50000,1,2,29,0,0,0,0,0,0,23110,22792,20861,19116,15286,1437,1236,649,831,568,226
1,1,170000,0,2,51,-1,-1,-1,-1,-1,-1,2742,4592,3798,8717,4362,2751,4592,3798,8774,4362,12114
0,0,430000,1,2,46,0,0,-1,0,0,0,960,354716,361373,368484,365148,510,358689,15066,14126,13065,12908
0,0,140000,0,1,37,0,0,0,0,0,0,139178,139900,109665,108129,108067,6703,6120,4015,4042,4057,4012
0,0,230000,0,1,30,0,0,0,0,0,0,56716,30038,22872,22567,21973,5000,3000,3616,3000,2000,0
1,1,300000,1,2,29,-2,-2,-2,-2,-2,-2,0,0,0,0,0,0,0,0,0,0,0
0,1,180000,1,2,47,-1,-1,-1,-1,-1,-1,1473,390,390,390,780,1473,390,390,390,780,0
0,0,130000,0,2,49,0,0,0,0,0,0,55404,56566,57139,58300,59523,2570,2650,2100,2100,2150,3000
0,1,30000,0,2,52,2,2,2,2,2,2,20391,20758,21118,21632,22129,2500,1000,1000,1000,1000,0
1,0,270000,0,1,37,-2,-2,-2,-2,-2,-2,217,253,189,-75,525,217,300,200,0,600,200
0,0,110000,0,2,39,2,2,0,0,2,2,106656,104407,108689,106342,111575,0,5200,7700,0,7800,0
0,0,290000,0,1,29,0,0,0,0,-1,0,30229,9020,-77,8123,210989,1690,3000,0,8200,205000,6000
0,1,460000,1,1,40,0,0,0,0,0,0,89681,81812,82326,76055,74979,5095,5011,5047,4021,4071,3000
0,1,40000,0,2,33,1,2,2,0,0,-1,23242,21057,20746,20613,867,3000,0,1000,1062,1600,1542
1,0,180000,0,2,31,0,0,0,-1,-1,-1,11489,5488,1635,1680,782,8000,3003,1635,1680,782,4374
1,1,200000,0,1,37,-1,-1,-1,0,0,0,16991,19200,18856,14301,913,17302,20891,7377,2000,0,127188
0,1,260000,0,2,37,1,1,-2,-2,-1,0,-15910,-15910,-15910,24090,13977,0,0,0,40000,507,656
0,0,60000,1,1,34,0,0,0,0,0,0,38785,39803,40837,41783,42689,1948,1966,2000,1600,1600,1600
1,0,200000,0,1,30,-1,-1,-1,-1,-1,-1,2618,963,1459,1028,878,2618,963,1459,1028,878,878
0,1,360000,1,1,33,-1,-1,-1,-1,-1,-1,-4,831,899,1172,820,0,835,899,1172,820,670
1,0,240000,1,1,35,-1,-1,2,-1,0,-1,650,325,2250,1925,1925,650,0,2250,0,1925,1925
1,0,500000,1,1,44,-1,-1,-1,-1,-1,-1,17385,32046,32530,18896,17049,17410,32077,32579,18914,17069,16738
0,0,60000,1,2,40,0,0,0,0,0,0,53640,51608,52642,52806,53530,2500,2500,2500,2000,2100,2200
0,0,70000,1,2,37,2,2,2,2,2,2,45305,46067,45029,47835,48797,2100,1800,0,3700,1900,2000
1,1,160000,1,1,30,-1,-1,-2,-2,-2,-1,-131,-527,-923,-1488,-1884,131,396,396,565,792,0
0,1,150000,0,1,40,0,0,0,0,0,-1,152179,149313,129768,136084,30312,11000,6000,40000,42000,34880,201277
0,0,300000,0,1,36,0,0,0,0,-2,-1,25001,20800,0,0,65755,1713,1000,0,0,65755,3000
1,1,70000,1,2,45,2,0,0,0,0,0,69693,70206,70032,50973,48529,3100,3000,3100,2000,1800,1700
0,0,240000,0,1,29,-1,-1,-1,-1,-1,-1,548,208,0,44,19,548,208,0,44,0,643
0,0,230000,0,1,49,2,2,-1,-1,-1,-1,0,1100,0,2119,0,0,1100,0,2119,0,2916
0,0,440000,1,1,35,0,0,0,0,0,0,413687,420892,352705,359770,351535,15100,16076,12445,13183,12874,12146
0,0,550000,0,1,35,0,0,0,0,0,0,49676,49196,37784,35317,7433,3023,5070,3017,7148,2037,14243
0,0,140000,0,2,29,0,0,0,0,0,0,44335,45351,46317,55506,56609,2000,1755,1721,10000,2028,3000
1,1,100000,1,2,37,0,0,0,0,0,0,98222,67185,66926,66796,64513,3490,2332,2314,2365,2497,2305
0,0,200000,1,2,68,0,0,0,0,0,0,204149,179350,152525,152765,152680,8870,7578,5700,5882,5799,5888
1,1,200000,0,1,40,-1,-1,-1,-1,-1,-1,8030,5020,5451,2619,5188,8030,5020,5451,2619,5188,8794
1,0,360000,1,1,34,-2,-2,-2,-2,-2,-2,1218,505,843,-4,2237,1230,505,843,4,2241,56
1,0,230000,0,1,36,-1,-1,-1,-1,-1,-1,380,2100,530,2282,1390,380,2100,530,2282,1390,380
0,1,110000,1,2,39,0,0,0,0,0,0,54544,55357,56281,56483,56685,2000,2200,2200,2149,2170,2000
0,1,160000,0,2,36,-1,-1,-1,-1,-1,-1,2242,6109,2500,2689,0,2242,6745,2500,2689,0,0
0,1,200000,0,1,41,-1,-1,-1,0,0,-1,1936,25483,16767,19941,19665,1940,25513,4767,7541,19665,5633
0,0,320000,1,2,29,2,0,0,0,0,0,168256,165530,161152,158468,145399,10000,10000,10000,10000,20000,0
0,0,290000,0,1,34,-1,-1,-1,0,0,-2,0,904,904,0,0,0,904,0,0,0,6397
0,1,50000,0,2,42,0,0,0,0,0,0,46015,15057,19825,4264,3690,1451,13609,13327,250,1000,700
1,1,450000,0,2,39,-1,0,0,0,0,-1,43647,39827,43978,389,389,10329,3001,5217,1,390,390
0,1,100000,0,1,30,3,4,4,4,4,3,101614,101072,105252,102742,100884,6000,1900,6686,0,0,0
0,1,230000,0,1,41,-1,-1,-1,-1,0,0,6684,10834,28540,56660,46213,7000,15000,29000,30000,0,5000
0,1,30000,1,2,47,0,0,0,0,2,0,25480,26425,30525,29063,29022,1455,1400,4500,0,1500,2000
0,1,100000,0,2,29,0,0,0,-1,-1,-1,11139,3708,2180,1949,717,5000,1000,2180,1949,717,39000
1,0,210000,1,2,30,-1,-1,-1,-1,-1,-1,820,820,820,820,820,820,820,820,820,820,970
0,1,60000,0,1,32,1,2,0,0,0,2,17405,18619,19636,20326,21534,0,1500,1328,1018,1687,778
1,1,260000,0,1,30,2,-1,-1,-1,-1,-1,1563,1443,1443,1443,1443,2000,1500,1443,1443,1443,3943
0,1,280000,0,2,29,-2,-2,-2,-2,-2,-1,0,0,0,0,5017,0,0,0,0,5017,101
1,1,20000,0,2,43,2,0,0,2,0,0,13915,18667,18072,18120,19329,1300,5000,0,640,1497,0
0,1,240000,0,1,41,-1,-1,0,0,0,0,10839,16665,13039,9439,11378,10839,10000,3500,0,5000,5000
0,1,20000,0,2,43,0,0,0,0,0,0,7470,8492,9547,20766,12197,1123,1145,1200,2000,3000,1000
0,1,210000,0,2,30,0,0,0,0,0,0,159093,153056,140518,70901,72539,5404,6230,5696,2328,2567,2531
0,1,500000,1,2,50,0,0,0,0,0,0,246770,223989,223232,219158,212237,16770,13989,33232,29695,32838,38770
1,0,50000,1,2,30,0,0,0,0,0,0,37944,50135,49526,19686,19374,12000,13000,5000,4010,6000,3000
0,0,290000,0,1,31,-1,-1,-1,-1,-1,-1,1240,3682,4694,5258,1248,1240,3682,4704,5258,1248,9600
0,1,30000,0,1,41,0,0,0,0,0,0,26357,29043,29419,29848,29306,8816,4021,2000,5000,6000,6000
1,1,290000,0,2,48,-2,-2,-2,-2,-2,-2,34470,11888,27114,3501,12511,34470,11890,27114,3501,12511,5797
0,0,10000,1,2,46,0,0,0,0,0,0,9844,9319,18202,9287,0,1143,1218,1000,372,0,0
1,1,30000,1,2,30,0,0,0,0,0,-2,28998,29480,29500,0,0,2000,1200,1000,0,1500,0
0,1,230000,0,1,34,-1,0,0,0,-1,0,6020,9938,9865,6981,12157,3000,5000,5828,6981,6157,6342
1,0,280000,0,1,31,2,-1,-1,-2,-2,-2,168,0,0,0,0,168,0,0,0,0,0
0,0,70000,0,2,42,0,0,0,0,0,0,24741,25074,25978,26341,26093,1702,1424,1717,1080,1094,969
0,1,60000,1,1,31,2,2,2,2,2,2,62352,60745,58828,55606,58551,3200,0,4580,0,4727,0
0,0,120000,0,2,41,0,0,0,0,0,0,116607,108720,92649,89533,89204,4211,3710,3184,3200,3200,3133
0,1,50000,0,2,38,-1,-1,-1,-1,-1,-1,588,926,643,643,643,588,926,643,643,643,643
0,1,50000,0,2,46,1,2,0,0,0,0,49399,50556,29759,30381,30440,0,2247,1054,1090,1261,1143
1,1,20000,0,2,46,-1,-1,-1,0,0,-2,2249,3551,6180,0,0,2249,3551,5000,0,0,0
0,0,100000,0,2,31,0,0,0,0,0,0,34169,36495,36910,37838,38457,2579,2905,1320,1522,1400,1419
0,0,30000,0,1,52,-1,2,-1,2,-1,0,390,1000,543,18127,23563,390,1000,3,20077,10000,1854
0,1,240000,0,2,38,-2,-2,-2,-2,-2,-2,30073,24315,3724,28347,11280,30073,24315,3724,28347,11280,31266
1,0,210000,0,1,43,1,-2,-2,-2,-2,-2,0,0,0,0,0,0,0,0,0,0,0
0,0,110000,0,2,45,0,0,0,0,0,0,107512,82828,47978,47276,48109,5300,3300,1700,1900,1770,3000
0,0,500000,0,1,45,0,0,0,0,0,0,210013,218508,230776,245546,255905,21507,15020,20007,20007,15912,26402
0,1,150000,0,2,33,0,0,0,0,0,0,26852,27882,28894,29313,29924,1735,1765,1777,1196,1233,1238
0,0,60000,0,2,51,0,0,0,0,0,0,18251,19289,19033,20793,23530,2065,2000,2000,2000,3000,3000
0,1,80000,1,2,29,4,3,2,2,2,2,11756,11281,12785,12283,13184,0,0,2000,0,1100,0
1,1,160000,0,2,37,-2,-1,-1,-1,-1,-1,898,850,1729,5696,0,920,852,1759,5707,0,0
1,1,170000,1,1,36,-1,-1,-1,-1,-1,-1,11160,4336,947,316,3797,11376,4346,947,316,3797,316
0,1,40000,0,2,44,-1,-1,-1,-1,-1,-1,4719,922,4665,4059,5588,4740,922,4665,4059,5588,7000
1,0,350000,1,1,33,-1,-1,-1,-2,-2,-1,10478,-22,-22,-22,4532,10530,0,0,0,4554,0
0,1,220000,0,2,36,0,0,0,0,0,0,126695,106534,109884,106114,108202,6300,4000,5500,3775,4100,5000
0,0,500000,0,2,43,0,0,-2,-1,0,0,0,0,113904,116168,117375,0,0,113904,4130,4356,4103
1,0,380000,1,1,35,1,-1,-1,-1,-2,-2,15099,1299,0,0,0,15105,1300,0,0,0,0
1,1,110000,0,1,32,1,2,0,0,0,0,41901,44126,43483,43435,41010,0,3000,2000,2000,2000,3600
0,1,450000,0,1,29,0,0,0,0,0,0,68877,62223,65522,61413,63547,2489,2528,10179,10013,5183,5000
1,1,150000,0,1,33,0,0,0,0,0,0,3079,4057,1920,1920,0,1189,1167,1000,0,0,0
0,0,230000,0,1,37,0,0,2,0,0,-2,12509,12784,12584,0,0,3500,700,0,0,0,0
0,1,60000,0,2,34,-1,2,2,2,2,-1,145,145,145,145,1195,0,0,0,0,1200,0
0,1,290000,0,2,41,-1,-1,-1,-1,-1,-1,6891,980,4059,2473,3332,6891,980,4059,2473,3332,3203
0,0,100000,0,1,30,0,0,0,0,0,-1,29954,24551,16333,9776,58408,3000,2500,2000,1000,58408,5800
0,0,50000,0,2,49,0,0,0,0,0,2,14657,9677,8826,10177,9865,1209,1300,350,1500,0,300
1,1,360000,0,1,31,3,2,2,2,2,2,2500,2500,2500,2500,2500,0,0,0,0,0,0
1,1,140000,0,2,30,3,2,2,2,-1,-1,4168,1420,0,49,49,1423,2,0,49,0,0
0,0,50000,1,2,29,0,0,0,0,0,0,19132,15138,14036,14752,15445,1660,1065,5000,5000,5000,2000
1,1,260000,0,1,32,-2,-2,-2,-2,-2,-2,0,0,0,0,1150,0,0,0,0,1150,0
1,0,360000,0,2,42,-1,-1,-1,-1,-2,-2,968,990,390,390,3103,968,990,390,390,3103,0
0,1,600000,0,2,30,0,0,0,0,0,0,510470,520492,525749,480722,460068,19500,20462,19445,17348,16536,16845
0,0,260000,0,1,41,0,0,0,2,0,0,160759,351026,170671,169689,159066,7312,18934,23,3729,4226,514
0,0,200000,0,2,42,0,0,0,0,0,0,33587,46126,63720,80736,93354,10000,15000,20000,20000,15000,20000
1,1,90000,1,1,56,0,0,0,0,0,0,60208,62000,60673,22196,29809,2572,3188,2661,1000,8000,1000
0,1,80000,0,2,31,1,2,0,0,2,2,52775,53906,60099,61402,60272,0,2000,7100,2400,0,4600
1,0,150000,0,2,41,-2,-2,-2,-1,-1,-1,4983,12029,13821,1493,2229,5002,12040,13821,1493,2229,2057
0,0,30000,0,2,36,0,0,0,0,0,0,27131,27294,27853,28033,28756,1433,1481,1430,1000,1543,1200
0,1,80000,0,2,35,-1,-1,-1,-1,-1,0,9796,13443,396,396,396,9796,13443,396,396,0,396
0,0,70000,1,2,37,2,2,2,2,2,2,45305,46067,45029,47835,48797,2100,1800,0,3700,1900,2000
1,0,230000,1,1,47,1,-2,-2,-2,-2,-2,0,0,0,0,0,0,0,0,0,0,0
0,0,270000,0,2,44,0,0,-1,0,0,0,18018,15896,32396,50411,60957,10203,15908,20000,29000,22000,1821
1,1,400000,0,1,31,-1,-1,-1,0,0,0,2600,110958,164959,130737,128312,2600,110958,110000,20000,58312,9031
0,1,210000,0,1,39,0,0,0,0,0,0,42091,27751,30418,23180,68842,10000,1372,5000,1304,60000,3000
1,1,170000,0,1,34,-1,-1,-1,-1,-1,-1,326,326,326,476,476,326,326,326,476,476,326
1,1,500000,0,1,30,0,0,0,0,0,0,165727,119760,72506,60548,57212,10100,7041,4123,5039,5071,3548
0,1,220000,0,1,36,-2,-2,-2,-2,-2,-2,104,2635,2460,859,2784,104,2653,2472,859,2784,2287
1,1,270000,1,1,41,-1,-1,-1,-1,-1,-1,316,316,571,7711,571,316,316,571,7711,571,571
1,0,360000,0,2,53,-1,-1,-1,-1,-1,-1,15206,15000,9744,11114,8123,15206,15032,9769,11114,8123,8736
1,1,220000,1,1,32,-1,-1,0,-1,-1,-1,34661,29084,31770,3322,32528,34661,11000,31770,3322,32528,139961
0,0,290000,1,2,29,0,0,0,0,0,0,2528,3781,6076,6336,10570,2000,2000,3000,1000,5000,1000
0,1,110000,1,2,30,2,0,0,3,2,2,57503,66128,64477,65413,66520,4000,9600,0,2600,2300,3000
0,0,70000,1,2,41,1,2,2,2,0,0,35921,36536,35651,36427,37169,2000,1500,0,1500,1500,3000
1,1,390000,1,1,64,0,0,0,0,0,0,38134,38679,39689,40472,41320,1608,1647,1657,1440,1496,1518
1,1,250000,1,1,31,-2,-2,-2,-2,-2,-2,0,7066,0,0,0,0,7066,145,0,0,2758
0,0,20000,1,2,52,0,0,0,0,0,0,16792,18105,18157,18538,19200,1285,1598,650,674,971,580
0,0,500000,1,2,42,-1,-1,-1,-1,-1,-1,13170,10697,19757,5158,43859,13222,10758,19883,5180,44064,41450
0,1,30000,1,1,36,0,0,0,0,2,2,24640,51026,27400,26823,28621,1500,1500,4200,0,2252,0
1,1,420000,1,1,52,-1,-1,-1,-1,-1,-1,16106,10703,14534,20631,17641,16106,10703,14540,20631,17641,11748
0,1,150000,0,2,37,2,2,2,2,0,0,108784,110405,106317,30906,31457,11600,4800,0,1240,1200,1200
1,0,200000,0,2,33,-2,-2,-2,-2,-2,-2,3806,0,4573,1242,0,3836,0,4573,1242,0,3239
1,1,290000,1,2,42,-2,-2,-2,-2,-1,-1,0,0,0,1855,3940,0,0,0,1855,3940,2490
0,0,360000,0,1,30,-2,-2,-2,-2,-2,-2,1166,398,0,418,1840,1166,398,0,418,1840,0
0,1,300000,1,2,31,0,0,0,0,0,0,285038,291480,298378,131103,128742,10208,12507,15056,5027,5007,5063
1,1,200000,0,2,42,0,0,0,0,0,0,33587,46126,63720,80736,93354,10000,15000,20000,20000,15000,20000
1,0,100000,1,1,40,2,2,0,0,0,0,26274,27045,28598,30131,32356,0,1500,2000,2000,2700,1300
1,0,340000,0,1,43,0,0,0,0,0,0,18338,20035,24238,20315,16378,3000,2000,5000,1000,723,5000
1,1,140000,1,2,30,2,0,0,0,0,0,137456,139977,136207,50464,49430,5000,6003,4771,2103,2000,43557
0,1,220000,1,2,31,1,2,0,0,0,0,210290,179645,166753,82058,20650,0,6800,6640,4100,1100,0
1,1,130000,0,1,37,2,2,2,2,2,2,43914,44396,45365,46093,47185,3100,1500,2000,1600,2000,2000
0,0,50000,1,2,37,0,0,0,0,0,0,28871,29500,28914,29529,29319,2000,1435,1149,1197,1009,990
0,1,260000,0,1,31,0,0,0,0,0,0,165412,108223,108860,80757,79073,8250,5500,5000,3500,3000,4000
0,1,100000,1,1,38,0,0,0,0,0,-2,48435,49854,51400,0,0,2500,2500,3000,0,0,0
0,1,80000,0,2,41,0,0,0,2,0,0,59156,61063,56202,25775,24688,2130,5804,121,1003,853,1941
1,0,350000,1,1,42,2,-1,-1,-1,-1,-1,671,671,671,671,30727,671,671,671,671,30727,821
0,0,70000,0,1,38,0,0,0,0,0,0,54722,56062,82305,42308,40507,2057,2322,1631,2942,1783,1723
0,0,350000,0,1,29,0,0,0,0,0,0,31386,24540,22187,12900,7938,1740,1000,452,448,2000,8206
0,1,390000,0,2,31,1,2,0,0,-1,-1,18376,15229,18229,9290,1826,0,1000,3000,9290,1826,3706
0,1,430000,0,1,46,-2,-2,-2,-2,-2,-2,43717,4153,4196,447,0,43717,4153,4196,447,0,3566
0,0,320000,0,2,38,0,0,0,0,0,0,129575,125866,130067,131128,124469,4836,4919,6246,4395,4524,4850
0,1,60000,1,1,37,2,0,0,0,0,0,23592,25702,26961,28509,29546,2000,2500,2000,2000,1500,2000
0,0,150000,0,1,29,-1,-1,-2,-1,-1,-1,0,0,1298,359,6100,0,0,1298,359,6100,0
0,1,360000,0,1,36,-1,-1,-1,-1,-1,-1,7174,11044,15887,8607,8843,7174,11044,15895,8607,8843,3000
0,0,30000,0,2,43,2,2,2,2,2,0,26622,24022,24368,20859,19633,1300,2,1608,0,900,800
0,1,470000,0,1,46,0,0,0,2,0,0,45277,54321,52932,46712,45537,3000,10000,0,6000,5000,10000
0,0,20000,0,2,48,0,0,2,2,2,2,15791,15806,29542,15484,15046,4500,550,0,1445,0,400
0,0,120000,1,2,30,0,0,0,0,0,0,53862,39505,45373,46641,47569,2058,1672,10000,2000,1704,1920
1,1,240000,0,1,47,1,-2,-2,-1,0,0,-40,-40,1160,1160,0,0,0,1200,0,0,0
0,1,200000,1,1,34,3,2,-1,-1,-1,-2,361,1716,460,0,0,0,1716,460,0,0,0
1,1,50000,1,1,35,0,0,0,0,0,0,19142,18188,18397,18161,18383,1565,7240,795,1000,673,647
1,0,100000,1,1,35,0,0,0,0,0,0,46168,47160,98775,49513,53433,1730,1722,3214,2119,5064,0
1,1,130000,1,1,30,0,0,0,0,0,0,21481,22389,22535,24236,20246,5000,1598,744,2000,744,3000
1,1,120000,0,1,51,0,0,0,-1,0,0,82741,62914,60584,61412,55572,3652,1258,60584,1228,0,0
0,1,30000,0,2,33,-1,-1,-1,-1,-1,-1,390,390,390,390,0,390,390,390,390,0,780
1,0,180000,0,1,46,-1,-1,-1,-1,-1,-1,15419,14188,11926,9718,34322,16359,14293,11949,9737,34449,25691
0,1,130000,0,2,33,0,0,0,0,0,0,122319,107674,89780,90625,90492,4700,3500,3200,3200,3300,3100
0,0,230000,1,2,30,-1,0,-1,0,0,0,7795,191795,192255,187755,187740,4000,191795,10000,8000,8000,8000
1,1,210000,0,1,40,1,-2,-2,-1,-1,-1,0,0,4351,0,6200,0,0,4351,0,6200,5276
0,1,140000,0,2,40,0,0,0,0,0,0,101164,99579,99004,88485,85218,5000,5000,5000,3000,3000,4000
1,1,180000,0,2,36,1,-2,-2,-2,-2,-1,0,0,0,0,10970,0,0,0,0,10970,0
0,0,230000,1,1,45,0,0,0,0,0,0,26071,27937,28774,29202,29683,1500,2200,2000,1100,1000,980
1,1,20000,1,2,38,0,0,0,0,0,2,6715,7736,8745,9394,9101,1266,1287,1296,945,0,481
0,1,80000,0,2,29,0,0,0,0,0,0,79555,77025,76991,79066,75356,3161,4000,3000,3500,3100,5700
0,1,500000,0,2,44,0,0,0,0,0,0,186610,180153,173454,166546,159651,6610,6480,6230,5900,5720,5420
1,0,390000,0,1,32,0,0,0,0,0,0,23645,24947,26223,27643,29025,2000,2000,2000,2000,2000,2000
0,0,340000,0,2,47,-1,-1,-1,-1,-1,-1,892,5221,7627,580,999,892,5269,8193,596,999,176340
0,0,340000,0,2,44,0,0,0,-1,0,0,171731,61404,114807,114560,85272,8297,4951,199726,4476,3257,3497
0,0,110000,1,2,40,0,0,0,0,0,0,109191,110937,108869,43207,42954,6000,5000,3814,2000,1600,1600
1,0,20000,0,2,42,3,2,2,2,2,2,19465,19649,19978,20512,20831,1600,800,950,1000,800,0
1,1,120000,1,2,39,-1,-1,-1,-1,-1,-1,0,10780,0,12000,0,0,10780,0,12000,0,1000
0,0,190000,1,1,33,0,0,0,0,0,0,127014,120826,112211,110396,113386,6112,4202,4200,4200,5000,4200
1,0,50000,1,2,41,0,0,0,0,0,0,44187,20314,19707,19566,19916,2721,1750,1200,1000,1000,1000
0,1,50000,0,2,36,-1,-1,-2,-2,-2,-2,0,0,0,0,0,0,0,0,0,0,0
1,1,230000,1,2,32,0,0,0,0,0,0,28006,25000,22046,19860,19831,1610,1224,655,627,620,500
0,1,20000,0,2,32,-1,-1,-1,-1,-1,0,925,4033,897,2147,1359,925,4033,1136,2147,407,700
1,1,180000,1,2,32,0,0,0,0,-1,0,39368,9652,10775,1943,13243,5000,2000,3000,1943,13000,170000
0,0,500000,1,1,57,-2,-2,-2,-2,-2,-2,29914,8340,16561,15662,28935,29914,8340,16561,15701,28935,10000
0,1,130000,1,2,39,3,2,-1,-1,-1,0,124946,10212,2486,5170,6823,0,10252,2486,5170,3039,2386
0,0,90000,0,1,31,0,0,2,2,2,2,83357,85229,85939,83680,89319,8000,4100,3000,0,7000,3100
0,1,80000,0,2,30,-1,-1,-1,-1,-1,0,5545,2154,583,11381,9508,5548,2154,583,11381,190,74
0,1,250000,0,2,40,0,0,0,0,0,0,126367,130658,79361,81196,83040,6500,7000,4000,3000,3000,4000
1,1,200000,0,1,31,0,0,0,0,0,0,41031,45929,48661,49723,50896,3031,5929,3500,2000,2000,11028
0,0,280000,0,1,37,-1,-1,-1,-1,0,0,168,786,1028,889,698,168,786,1028,698,0,0
1,1,50000,0,2,43,0,0,0,0,0,-2,41460,21897,23404,0,0,2000,2000,2000,0,0,0
1,0,160000,0,1,35,1,-2,-2,-2,-2,-2,0,0,0,0,0,0,0,0,0,0,1404
1,1,20000,0,2,41,1,2,2,0,0,0,11596,11119,12429,12370,12659,1300,0,1502,443,489,2961
1,1,140000,0,2,29,-1,-1,-1,-2,-2,-2,403,0,0,0,0,407,0,0,0,0,1260
0,1,80000,0,2,40,0,0,0,0,0,0,38738,31923,25885,20195,19494,1728,1411,1009,605,2012,209
0,0,30000,0,2,46,0,0,0,0,0,0,60079,26882,27570,28075,29065,1755,1500,1135,1100,1455,775
1,1,70000,0,2,30,2,0,0,2,0,0,30542,33033,32203,32884,33587,1550,3000,0,1200,1250,2000
0,1,280000,0,2,31,1,-2,-2,-2,-1,-1,0,0,0,5360,251,0,0,0,5360,251,5360
0,0,160000,0,2,45,-2,-2,-2,-2,-2,-2,0,0,1468,0,0,0,0,1468,0,0,0
0,0,60000,0,2,41,0,0,0,0,0,0,58929,60335,59384,60861,59241,2741,3000,2300,2600,2200,2665
0,0,170000,1,2,31,0,0,0,0,0,0,25611,26631,27383,27801,31337,1728,1748,1500,1011,4000,0
0,0,500000,0,1,34,0,0,0,0,0,0,143382,123316,142773,107136,95915,6018,5198,46047,10039,30027,60038
0,0,50000,0,1,55,0,0,0,0,0,0,26411,27451,19431,19837,20232,1775,1815,695,719,724,750
0,1,240000,1,1,35,0,0,0,0,0,0,183744,168683,155064,148969,148619,8000,6017,6900,5250,5400,6200
1,1,70000,0,1,29,0,0,2,2,0,0,51047,51727,50594,51823,54093,4500,1813,0,2046,3300,900
1,0,160000,0,2,40,-2,-2,-2,-2,-2,-2,0,0,0,0,0,0,0,0,0,0,200
1,1,160000,0,1,33,-1,-1,-2,-2,-2,-2,0,26808,0,0,0,0,26808,0,0,0,0
1,1,110000,1,1,30,1,2,-1,-1,-1,0,2373,2373,1475,3102,3151,0,2373,1475,4000,3000,2373
0,1,20000,0,2,50,1,2,2,2,3,2,9686,9382,10821,10361,10046,2000,0,1600,0,0,1500
1,1,20000,1,2,53,0,0,0,0,0,0,18952,15732,17330,17150,18150,2219,2000,2000,1000,1000,0
0,0,70000,0,2,38,1,2,2,2,2,2,31289,31678,32255,32890,33595,1900,1200,1400,1300,1400,1400
1,1,700000,1,1,34,-2,-2,-2,-2,-2,-2,6109,5810,7684,168,5836,6168,7105,7721,168,5836,52924
0,0,30000,0,1,30,0,0,0,0,0,0,8381,12085,16788,18388,23228,4000,5000,5000,2000,5000,500
0,1,360000,0,1,37,0,0,0,0,0,-1,19190,20384,23255,22495,380,3194,2384,3271,2509,381,2469
1,1,230000,0,1,36,1,-2,-2,-2,-2,-2,0,0,0,0,0,0,0,0,0,0,0
0,0,170000,0,2,30,-1,-1,0,0,0,2,4599,25158,61524,62779,59390,4599,23000,40000,4418,0,2800
0,0,440000,1,1,30,-2,-2,-2,-2,-2,-2,200426,170209,136020,101744,78482,10063,7784,4632,3458,2671,2027
0,1,140000,0,2,55,0,0,0,0,0,2,23306,21048,22332,30228,316,2500,2500,2000,12988,2168,932
0,0,150000,0,1,37,0,0,0,0,0,0,62350,63653,64955,66249,67637,2230,2306,2356,2372,2456,2631
1,1,80000,0,2,44,0,0,0,0,0,0,81008,80725,50472,50340,42393,6502,4000,1889,2000,7700,9600
0,0,50000,1,2,37,1,2,0,0,0,0,27985,29000,29731,30400,33427,0,1482,1213,1300,3703,0
1,0,340000,0,2,29,0,-1,-1,-1,0,0,16584,16498,100928,26083,20214,16787,16514,100940,20229,25,8
0,1,290000,0,1,47,0,0,0,0,0,0,263710,262786,254495,247060,220298,11900,11000,7900,9050,6900,6000
1,1,170000,0,1,31,-1,-1,-1,-1,-1,-1,1239,7315,10730,1686,9445,1239,7352,10730,1686,9445,3444
1,1,80000,1,2,30,-1,-1,-1,-1,-1,-2,2208,0,1000,0,0,2208,0,1000,0,0,0
1,1,380000,1,1,53,-2,-2,-2,-2,-2,-2,360,360,720,360,360,360,360,720,0,360,360
1,0,20000,1,2,49,2,2,2,2,0,0,13264,19195,18497,18160,19067,400,6180,0,454,1000,400
0,1,100000,1,2,53,2,0,0,0,0,0,45415,47053,47747,48459,49560,2500,2400,1845,2400,2500,0
1,0,220000,0,1,36,-2,-2,-2,-2,-2,-2,420,0,584,790,0,420,0,584,790,0,1309
0,0,400000,0,2,29,0,0,0,0,0,0,398857,404205,360199,356656,364089,17000,15029,30000,12000,12000,23000
0,0,10000,0,2,46,1,2,0,0,0,0,9236,10047,8775,8984,7628,0,1006,1390,1000,1000,2000
1,1,500000,0,1,40,-1,-1,-1,-1,-2,-1,5514,14199,1537,1537,5517,5514,14220,1537,1537,5517,550
1,0,360000,1,1,34,-2,-2,-2,-2,-2,-2,1200,3118,0,162,4857,1206,3133,0,162,4881,445
0,1,230000,1,2,41,-1,0,0,0,0,0,25548,23769,17270,13903,1953,10014,1602,1017,332,9,3626
0,1,210000,1,1,30,0,0,0,0,0,2,63396,64150,66135,70118,67254,2300,3000,3000,5000,0,3000
0,1,50000,1,2,30,1,1,-1,2,2,0,-4338,46881,47832,46783,47890,125,52000,2000,0,2000,3700
0,0,450000,1,1,41,-1,-1,-2,-2,-2,-2,0,0,0,0,0,0,0,0,0,0,2274
1,1,10000,1,2,50,1,2,0,0,0,0,8150,8446,8067,8227,8400,2,1281,1134,294,305,1000
1,1,50000,0,2,32,0,0,0,0,0,0,49213,38280,12305,6436,0,3037,1800,1130,2000,0,0
1,1,230000,0,1,36,-1,-1,-1,0,0,0,306,8389,7465,6549,576,306,8389,9,0,0,342
1,1,170000,1,2,39,-2,-2,-2,-2,-2,-2,582,0,582,291,90,582,0,582,291,90,750
0,0,240000,1,2,39,0,0,0,0,0,0,167091,161691,165177,132478,138979,8576,8200,9009,5000,10500,0
1,1,230000,0,1,33,-1,-1,-2,-2,-2,-2,0,0,0,0,0,0,0,0,0,0,0
0,0,270000,0,1,32,0,0,0,0,0,-1,40414,39956,39827,9456,386,20000,5000,5000,1000,386,0
1,1,280000,1,2,38,-1,-1,-2,-2,-2,-2,0,0,0,0,0,0,0,0,0,0,0
0,0,120000,0,2,52,1,2,0,0,0,0,117849,120471,117218,116871,122192,0,6100,5700,4500,9000,4700
0,1,150000,1,2,38,-1,-1,-1,-1,-1,2,476,476,476,1102,476,476,476,476,1102,0,476
0,0,130000,1,2,39,0,0,0,0,0,0,88951,90672,89252,91118,95105,3245,3217,3177,3286,4200,2500
0,0,270000,0,2,36,-2,-2,-2,-2,-2,-2,65094,30704,12383,143874,15081,65140,30773,12383,144570,20081,112791
0,0,500000,1,1,41,0,0,0,0,0,0,500867,489856,356583,289398,274590,19295,18694,12271,9699,9420,8818
0,0,210000,1,1,31,0,0,0,0,0,2,84583,86357,88149,93654,82166,3024,3134,3228,7000,0,3000
1,0,140000,1,2,33,0,0,0,0,0,0,259478,25020,21629,18367,15161,7000,2000,2000,2000,2000,2000
1,1,140000,1,2,55,0,0,0,0,0,0,81049,82810,83544,85692,87425,4000,4000,3000,3500,3158,8000
0,0,470000,0,1,39,-1,-1,-1,-1,-1,-1,5478,4753,5289,831,2140,5478,4757,5289,831,2140,2440
1,1,50000,1,2,44,1,2,2,2,0,0,48552,50175,12790,12743,17305,0,3056,0,2000,5000,3000
0,1,180000,0,2,33,-1,-1,-1,0,-1,-1,1795,1190,1079,659,90,1795,1190,0,659,90,8856
1,0,210000,0,1,30,-1,0,-1,-1,-1,0,21829,11057,26520,27894,18772,20000,12000,27000,30000,10000,21000
0,0,290000,0,2,34,0,0,0,0,-1,0,44037,5441,7371,38832,41955,1274,1200,2033,38832,3900,188423
0,0,230000,0,1,31,-1,-1,-1,-1,-1,0,1940,8508,-853,13909,29160,1940,8508,0,19000,19160,0
1,0,220000,1,2,39,-2,-2,-2,-2,-2,-2,4445,4292,1803,2970,6348,4478,4323,1812,2985,6379,1860
1,1,190000,1,1,36,-1,-1,-1,-1,-1,-1,1288,1655,1213,344,221,1288,1655,1213,344,221,28160
1,1,100000,1,2,43,1,-2,-2,-2,-1,0,0,0,0,551,551,0,0,0,551,0,0
0,0,270000,1,2,39,0,0,0,0,0,0,15984,17723,18634,19997,18948,1500,2000,1145,1508,900,2000
1,1,70000,0,2,30,0,0,0,2,0,0,11454,9638,8761,8572,9274,2000,2000,0,1000,1000,4000
0,0,80000,0,2,42,0,0,0,0,0,0,23366,22275,21631,22961,19269,1500,2000,1000,3000,1000,1000
1,1,100000,1,1,43,0,0,0,0,0,0,43564,45522,46832,37683,28680,2100,3000,2500,2000,2000,2000
1,1,50000,1,1,49,0,0,0,0,0,0,49686,50723,9182,10025,10400,2255,2292,1157,1000,600,0
0,1,180000,0,2,40,-1,-1,-1,-1,-1,-1,776,0,1752,70000,10552,776,0,1752,70000,10552,9776
0,0,250000,0,1,42,-1,-1,2,0,-1,2,2244,1372,686,1522,686,2186,0,0,1522,0,4389
1,0,300000,1,1,48,-1,-1,-1,-1,-1,-1,32897,6493,23292,1254,7808,32898,6493,23324,1254,7808,3023
1,0,110000,0,1,32,1,-1,0,0,0,-2,1670,11693,7903,-18,-18,1670,10200,0,0,0,0
1,1,200000,1,1,38,-2,-2,-2,-2,-2,-2,2645,-10,4115,1315,0,2658,0,4125,1315,0,0
1,1,500000,0,2,41,-2,-2,-2,-2,-2,-2,5692,1556,2080,4403,3405,6332,1742,2080,4409,3405,0
1,0,90000,0,2,30,-2,-2,-2,-2,-2,-2,0,0,0,0,0,0,0,0,0,0,0
0,1,150000,0,2,42,0,0,0,0,0,2,141401,137320,138016,144084,136604,6022,5022,5100,10500,0,10000
0,1,180000,1,1,37,1,-1,-1,-1,-1,-1,2701,1832,919,500,7068,2701,1832,919,500,7068,9268
1,1,310000,0,1,31,-2,-2,-2,-2,-2,-2,0,24480,0,0,1635,0,24480,0,0,1635,3008
1,1,90000,0,2,37,-1,-1,-1,-1,-1,-1,0,1261,1261,1261,1261,0,1261,1261,1261,1261,390
0,1,80000,0,2,47,0,0,2,0,0,0,79049,79206,78031,78293,78870,5000,3000,3000,3000,3000,5000
0,0,200000,1,2,32,2,2,2,2,2,2,86484,92504,90120,93629,96980,0,7421,0,5000,5000,5000
1,1,140000,0,2,50,0,0,0,0,0,2,97902,100214,102496,108405,106649,4000,3800,3800,7600,0,4000
0,1,30000,0,2,46,1,2,2,2,2,2,28937,30128,30548,31326,30688,1800,1980,1200,1400,0,800
0,1,500000,0,1,38,-1,0,-1,0,0,0,2760,36861,23200,34255,18554,2700,36861,10000,20055,1000,5622
1,1,20000,1,2,31,-1,-1,-1,2,-1,-1,390,780,390,806,19103,390,780,0,806,19103,1000
1,1,210000,1,1,29,1,2,0,0,0,0,23283,11896,8097,7902,7917,66,2524,1311,1000,291,1000
1,1,120000,1,2,35,1,-2,-2,-2,-2,-2,0,0,0,0,0,0,0,0,0,0,0
1,0,360000,1,0,30,0,0,-1,0,0,-1,23022,12272,34345,36777,30,23000,12280,25007,25008,1767,3300
0,1,170000,0,2,39,0,0,0,0,0,0,162706,166677,167049,38377,33668,5856,7424,7169,1241,1187,1396
0,1,360000,0,1,33,-1,0,0,0,0,0,6849,68133,71708,58551,54678,3017,65009,6784,3041,5044,3042
0,1,30000,1,2,51,0,0,0,0,0,0,29253,28342,28282,30118,24584,1460,1560,2000,3077,804,761
0,0,500000,1,1,38,-1,-1,-1,-1,-1,-1,26358,7860,2983,8767,4691,27486,7860,3047,8831,4734,11484
1,1,420000,0,2,47,1,-2,-2,-2,-2,-2,0,0,0,0,0,0,0,0,0,0,0
0,0,350000,0,1,41,0,0,0,0,0,0,17826,23489,29037,36213,38163,3000,6000,6000,8027,8000,8000
1,0,100000,0,2,32,0,0,0,0,0,0,56151,56677,58237,59643,63275,2700,2055,2500,2500,4800,2500
1,1,160000,1,1,31,-2,-2,-1,0,0,0,459,2613,22315,26911,35239,466,4171,22137,20000,12198,0
1,1,70000,0,2,44,2,2,2,2,2,2,13661,13145,14123,13754,14724,1500,0,1200,0,1200,0
0,1,120000,1,1,36,0,0,2,0,0,2,28255,27507,27952,31136,30486,4500,0,1200,3800,0,1500
0,0,210000,1,1,44,0,0,0,0,0,0,107216,88039,83304,77605,70260,5002,5030,10008,10017,10000,10000
0,0,210000,0,1,40,0,0,0,0,0,0,46662,46162,46039,32903,34534,2000,2100,2000,1500,2000,2000
0,0,240000,1,2,30,-2,-2,-2,-2,-2,-2,7976,2088,7795,1335,2928,7976,2088,7795,1335,2928,4319
1,0,140000,1,1,35,-1,-1,-1,-1,-1,-1,537,4233,857,325,325,537,4233,857,325,325,954
1,1,260000,0,2,40,-1,-1,-1,-1,-1,-1,359,397,208,790,2788,360,398,208,792,2788,3675
0,1,340000,0,2,36,0,0,0,0,0,0,155293,134467,129891,113919,106675,7106,4435,4091,3548,4535,4127
0,0,170000,0,2,45,-1,-1,-1,-1,0,-1,1638,1638,3276,1638,1638,1638,1638,3276,0,1638,1638
0,0,280000,0,1,39,0,0,0,0,0,0,89690,86812,87813,88267,89676,4014,4300,4153,2900,2500,2600
0,1,150000,0,1,39,1,2,2,2,2,2,77506,75239,71245,69214,24036,0,3700,0,2000,0,2000
1,1,200000,0,2,41,-2,-2,-2,-1,0,0,-783,909,2004,2008,0,0,1692,2004,4,54,0
1,1,200000,1,1,32,-1,-1,-1,-2,-1,-1,1796,-4,-4,1565,1686,1809,0,0,1569,1691,0
0,1,30000,0,2,60,1,-2,-2,-2,-2,-2,0,0,0,0,0,0,0,0,0,0,0
0,0,170000,0,1,30,0,0,0,0,0,0,168531,171440,174643,165584,169230,6027,6300,8451,6000,6320,6700
1,1,180000,0,1,56,-2,-2,-2,-2,-2,-2,0,1829,-200,0,4208,0,1829,998,200,4208,0
0,0,410000,1,2,45,-2,-2,-2,-2,-2,-2,2326,7670,1761,6930,0,2329,7670,1761,6930,0,2675
1,1,30000,0,2,46,1,2,0,0,0,0,25311,25906,25494,24986,24915,0,1804,1200,500,737,0
0,1,150000,0,1,34,-1,-1,-1,-1,-1,-1,3102,3087,2887,2887,2887,3102,3087,2887,2887,2887,3103
0,0,360000,0,2,35,2,2,2,0,0,0,363239,350214,319960,260944,202686,14693,30,12302,10004,7506,19721
1,1,200000,1,2,29,2,2,4,4,4,4,2500,2500,2500,2500,2500,0,0,0,0,0,0
0,0,170000,0,1,39,1,2,0,0,0,2,145908,119161,120662,127815,125098,0,6000,5000,9000,0,6000
1,1,20000,0,2,30,1,-2,-2,-2,-2,-2,0,0,0,0,0,0,0,0,0,0,0
1,1,160000,0,2,38,-1,-1,-1,-1,-1,-1,316,316,316,316,316,316,316,316,316,316,316
0,0,50000,1,2,31,1,2,0,0,2,0,45079,47714,19586,19143,20051,0,4300,2150,0,1204,1000
0,1,350000,0,2,31,1,2,0,0,0,0,253462,259137,264798,269673,275672,0,9754,10000,9396,10083,9439
1,1,480000,1,1,44,-1,-1,-1,-1,-1,-1,144,213,2133,3086,0,144,213,2133,3086,0,930
1,0,200000,0,1,41,1,-2,-2,-2,-2,-2,0,0,0,0,0,0,0,0,0,0,1433
1,1,360000,1,2,36,0,0,-1,-1,-1,-1,12664,1901,2355,4206,5889,1204,1901,2355,4206,5889,0
1,0,170000,1,2,52,3,2,2,-2,-1,-1,1990,0,0,3955,1278,0,0,0,3955,1278,1316
1,1,400000,1,2,29,0,0,0,0,0,0,42351,43146,44227,45062,46012,2005,1800,1800,1700,1700,1800
1,0,250000,0,2,37,1,-2,-1,-1,-1,-1,0,9737,790,20750,0,0,9737,790,20750,0,0
1,1,260000,0,1,33,-2,-1,-1,-1,0,0,204,-810,2190,810,0,204,0,3000,0,0,0
0,0,180000,0,2,34,0,0,0,0,0,0,173440,172308,168608,132202,129918,8083,7296,5253,4814,4816,3800
1,1,90000,1,2,58,0,0,0,0,0,0,85818,88988,50780,50929,48735,3600,5100,2200,2200,1944,2200
0,1,440000,1,1,64,0,0,0,0,0,0,431540,413605,355274,361170,338732,20000,18000,18003,15000,13000,17000
1,1,80000,1,2,30,-1,-1,-1,-1,-1,-2,2208,0,1000,0,0,2208,0,1000,0,0,0
0,1,580000,0,1,36,0,0,0,0,0,0,162189,166127,169365,168755,167964,6422,6565,5951,6006,5894,5946
0,1,170000,0,2,48,0,0,0,0,0,0,97889,99902,100128,101531,102770,4500,5000,4000,4000,4000,7000
0,1,70000,0,2,46,0,0,0,0,0,0,83200,80389,75854,33563,34563,3000,3815,3064,1000,1000,34000
1,1,180000,0,1,29,-2,-2,-2,-2,-2,-2,0,0,0,0,0,0,0,0,0,0,0
1,0,50000,1,2,29,0,0,0,0,0,-2,24213,24278,24750,0,0,1700,2000,1300,0,0,0
0,0,210000,0,1,34,-1,-1,-1,-1,-2,-2,639,699,0,0,0,639,699,0,0,0,0
0,1,240000,0,2,41,-2,-1,-1,-1,-2,-2,1738,186673,5517,2660,1480,1746,187473,5517,2660,1480,0
1,1,300000,0,1,37,-2,-2,-1,0,0,0,26,19999,17139,10304,16062,26,20018,1072,206,6003,0
0,0,60000,0,1,33,-1,0,-1,-1,-1,0,12840,390,390,780,390,5000,10390,390,780,0,390
1,1,140000,0,1,45,-1,-1,-1,-1,-1,-1,316,316,316,632,150,316,316,316,632,150,316
1,1,30000,1,2,35,1,-1,-1,2,0,0,26232,29093,28319,29064,28658,26232,3300,0,1200,1100,1500
0,0,80000,0,2,53,0,0,0,0,0,0,32365,33380,34043,34756,35448,1541,1556,1219,1262,1270,1314
1,1,400000,0,1,29,0,0,0,0,0,0,4097,7716,12538,17305,22499,1097,3716,5000,5000,5668,7000
1,1,30000,0,2,54,1,-2,-2,-2,-1,0,0,0,0,20363,20819,0,0,0,20363,784,4000
0,0,200000,1,2,29,-1,-1,-1,-2,-2,-2,6595,0,0,0,0,9117,0,0,0,0,0
0,0,290000,0,1,30,-1,-1,-1,-1,-1,-1,463,100,0,100,0,463,100,0,100,0,0
1,0,90000,0,2,45,0,0,0,0,-1,0,71245,70819,20301,87497,86938,10000,1612,0,87497,10000,20000
0,1,230000,0,1,34,0,0,0,0,0,0,102327,103506,100554,103929,107780,10001,5000,4500,5000,6500,4300
1,0,180000,1,1,31,-2,-2,-2,-2,-2,-2,48544,17700,4270,0,19331,48544,17700,4270,0,19331,0
0,0,120000,0,1,44,0,0,2,0,0,0,76446,73732,12329,12329,0,8100,0,247,0,0,0
0,1,200000,1,1,34,-2,-2,-2,-2,-2,-2,5023,618,605,3098,805,5048,621,608,3114,1003,2164
0,0,320000,1,1,40,0,0,0,0,0,0,307943,314201,319204,325758,319898,20000,12868,11721,12000,13000,11728
1,1,110000,1,2,32,0,0,0,0,-2,-2,26953,28190,-18,-18,-18,2000,2000,0,0,0,0
1,0,120000,0,2,33,-2,-2,-2,-2,-2,-2,0,0,0,0,0,0,0,0,0,0,0
0,1,500000,1,1,35,-1,-1,0,0,0,0,82385,88195,52253,38743,27833,82392,10339,20089,5105,10138,28426
1,1,30000,1,2,33,2,2,0,0,0,0,30060,28391,26156,25377,27422,2159,1500,1000,1000,3800,0
0,0,50000,1,2,39,0,0,0,0,0,0,16980,16908,17327,17895,18346,2010,1500,1000,1000,900,1000
0,0,100000,0,2,39,0,0,0,0,0,0,101236,101125,96765,99823,96165,4000,3544,3519,5000,3500,4000
0,0,150000,1,1,30,0,0,0,0,0,0,121338,146685,137993,90715,92759,13230,31280,5979,7760,6000,260000
0,1,110000,0,1,35,0,0,0,0,0,0,101573,104079,104829,107400,105694,4000,5300,4000,4200,4000,3800
0,1,30000,0,2,33,2,2,0,0,0,0,28718,29761,30203,29803,29803,1,2000,1400,0,0,67
0,0,110000,0,2,29,2,2,4,4,3,2,600,600,600,300,150,0,0,0,0,0,921
0,1,50000,0,1,33,2,2,0,0,-1,0,54947,54425,48313,19399,19804,0,4500,1200,71941,619,563
0,0,140000,1,2,42,0,0,0,0,0,0,120780,123390,127557,117961,120570,4325,4558,6300,4221,4500,4600
1,1,380000,1,2,34,-1,2,-1,-1,0,-1,3852,2300,632,316,316,0,2300,632,0,316,316
1,1,30000,0,2,38,3,2,0,0,0,-1,1715,1170,780,390,150,0,1100,0,0,150,780
1,0,20000,1,2,32,0,0,0,2,2,0,10974,14963,15123,14741,15340,1511,4500,700,0,1000,1500
0,1,130000,0,2,49,0,0,0,0,0,0,55404,56566,57139,58300,59523,2570,2650,2100,2100,2150,3000
1,1,50000,1,2,55,1,2,0,0,-1,-1,43321,43454,44254,2150,1689,0,1200,1000,2150,1689,0
0,1,20000,1,2,50,1,2,0,0,2,0,675,1285,1895,1340,950,0,1000,1000,0,0,450
0,0,70000,0,1,50,2,0,0,0,0,0,64315,58564,56741,25172,29186,4000,3000,10032,8000,5139,1000
0,0,90000,0,2,43,0,0,2,0,0,0,20898,20263,20145,24845,23745,4000,0,3000,8000,5000,5000
0,1,380000,0,1,37,0,0,0,0,0,0,442041,446224,419943,420016,426622,17400,16672,14088,14500,14700,14671
1,1,270000,0,2,42,-1,-1,-1,-2,-2,-2,10025,0,0,0,0,10025,0,0,0,0,0
0,1,170000,1,1,41,0,0,0,0,0,0,56742,49176,41969,37409,36214,2579,5019,10041,5012,5024,5012
0,0,500000,0,1,31,1,-1,-1,-1,-1,0,5763,15673,9393,69526,37940,5763,15691,9393,69526,5000,20000
1,1,80000,0,1,33,0,0,0,0,0,0,66798,68120,70088,71345,72314,3000,3000,3109,3000,3000,3000
1,1,260000,1,1,36,-1,-1,-1,-2,-2,-2,427,-73,-73,-73,-73,10000,0,0,0,0,0
0,0,320000,0,2,35,0,0,0,2,0,0,4914,6630,6393,9721,10584,1073,1789,0,3425,1000,3425
1,1,20000,1,2,30,3,2,3,3,5,4,16987,18406,20795,20175,21265,2000,2000,3000,0,2000,0
0,1,50000,0,2,34,0,0,2,0,0,0,10982,10243,10826,11699,10146,3000,1000,1000,1000,2000,2000
0,0,340000,0,1,36,-1,-1,-1,-1,-1,0,4834,17716,12010,14111,6995,4834,17716,12636,14111,0,5666
1,0,500000,1,1,45,1,-2,-2,-2,-1,2,0,0,0,1899,1749,0,0,0,1899,0,70200
0,0,260000,1,1,29,1,2,-1,-1,-1,-2,23827,29423,37900,-3400,-4000,778,29423,10000,0,0,24450
1,1,300000,0,1,36,1,-2,-2,-2,-1,0,0,0,0,1894,2394,0,0,0,1894,500,4662
0,0,240000,1,1,37,0,0,0,0,0,0,227463,220804,217991,221981,214320,8494,7762,7176,7505,7273,7509
0,1,280000,1,2,43,0,0,0,0,0,0,131171,132165,133948,133070,135089,6150,6256,6275,5012,5363,4000
0,0,30000,1,2,40,3,3,2,0,0,0,25422,24728,26041,26511,27034,0,0,1730,1200,1100,1151
1,1,500000,0,2,49,-1,-1,-1,0,0,-1,8970,385228,391047,0,150,8982,385228,7821,0,150,363
0,0,30000,0,2,31,0,0,0,0,0,0,16735,18253,19646,21238,23843,4000,5000,5000,5000,5000,5006
1,0,290000,0,2,49,-1,-1,-1,-1,-1,-1,2323,704,2135,1591,5392,2334,707,2145,1599,5419,5039
1,1,20000,1,1,33,1,2,2,2,2,2,17399,19057,18453,19755,19288,0,2260,0,1600,0,644
0,1,110000,0,2,51,0,0,0,2,2,2,11472,12973,12468,13763,13989,1500,2000,0,1500,600,0
0,0,120000,1,2,45,0,0,0,2,-1,-1,22506,12440,10218,3516,4321,5000,10218,0,4500,4321,3000
1,1,170000,1,2,33,-1,2,2,-1,-1,-2,917,0,2038,0,0,0,0,2038,0,0,0
1,1,360000,1,1,44,-1,-1,-1,-2,-1,-1,4840,-16,-16,3267,3438,4864,0,0,3283,3455,0
0,0,280000,0,1,40,0,0,0,0,0,0,207478,211850,209651,214520,213520,7297,7584,7416,8000,7639,7312
0,0,360000,0,2,39,-2,-2,-2,-2,-2,-2,0,0,0,0,0,0,0,0,0,0,0
0,0,100000,0,2,29,2,2,2,2,2,2,80369,83130,83961,85574,84039,2000,5001,3100,3100,0,6410
0,0,320000,0,1,33,-2,-2,-2,-2,-2,-1,-347,-347,-347,-347,13694,0,0,0,0,14041,1613
1,0,170000,1,2,54,-1,-1,-1,-2,-2,-1,116,0,0,0,275,116,0,0,0,275,0
0,1,50000,1,2,56,0,0,0,0,0,0,49455,49245,48657,20050,17376,1775,2070,1232,625,585,560
1,1,120000,0,2,40,-2,-2,-2,-1,0,0,0,0,3663,3663,0,0,0,3663,0,0,0
0,0,50000,1,1,49,1,2,2,0,0,0,49244,45385,17912,31278,14818,1800,82,1500,10000,1062,549
0,0,70000,0,2,33,0,0,0,0,0,-1,33439,24926,10681,7431,4705,1683,3160,3000,3000,5060,5032
0,0,210000,1,2,30,0,0,0,0,0,0,48465,57928,60359,69782,83991,10000,10000,3000,10000,15000,326
0,1,320000,1,2,34,0,0,0,0,0,0,26123,28637,24385,8559,3207,15031,8081,5072,6591,1223,0
1,0,50000,1,2,46,-1,0,0,0,-1,0,3656,4400,0,1704,3715,2000,1000,0,1704,2011,0
1,1,500000,0,2,37,0,0,0,0,0,0,60182,67153,64079,64120,61295,5000,10000,5169,2322,5174,0
1,1,430000,1,1,51,0,-1,-1,-1,0,-1,9714,13247,27555,17389,2919,9723,13298,27570,0,2919,96117
1,1,30000,0,2,41,0,-1,-1,0,-1,2,1261,630,240,690,150,1261,630,0,840,0,780
1,1,280000,1,1,34,1,-2,-2,-1,-1,-1,0,0,17535,9119,18960,0,0,17535,9119,18960,1200
0,0,740000,1,1,50,0,0,0,0,0,0,316083,317219,296560,285912,268257,13000,13200,11000,10000,10000,15000
1,1,50000,1,2,33,0,0,0,0,0,0,24058,25042,21947,19198,19610,1445,1429,1294,1000,705,699
1,0,150000,0,1,37,0,0,0,0,0,0,106956,106129,106531,107062,109938,3878,3794,3783,3892,4662,3500
0,1,50000,0,0,40,0,0,0,0,0,0,46229,46798,47647,40500,41921,2229,2298,2100,2500,1921,8432
0,0,30000,0,2,32,0,0,0,0,0,0,30394,28072,28885,29287,23012,1431,1579,1402,804,732,1820
0,1,320000,0,2,40,0,0,0,0,0,0,99606,100704,208794,213025,217400,5000,2704,108794,5123,5255,5333
